close,log_ret,volatility,rsi_norm,macd_norm,vol_change
8745.89453125,0.010141927934056931,0.47433816057459177,0.2548637541013551,0.04402315798840282,-0.09210649565538986
8680.8759765625,-0.007461951294768086,0.4553583426643363,0.2652829601509741,0.04238645773344226,-0.06414578402912596
8406.515625,-0.03211536772319544,0.4548286844956774,0.2254879734811226,0.03907658575619495,0.13127850676807284
8445.4345703125,0.00461893300829455,0.4548131220392548,0.13339983694257868,0.035160775079005516,-0.05473984489432482
8367.84765625,-0.009229306182408406,0.4577580993414986,0.1619857479999672,0.031388734394864934,-0.2165560668492219
8596.830078125,0.02699683810277081,0.4389600585678861,0.1913421865199092,0.029204074173750347,0.12114479335849992
8909.8193359375,0.03576042498236325,0.4228902119640587,0.3219826243598257,0.029639858652576366,0.2559742146421584
9358.58984375,0.04914065669354804,0.44744705903366727,0.24769660580991215,0.0328125370135517,0.1829595257172727
9316.6298828125,-0.004493658672814258,0.4333199066760832,0.23547126281493533,0.0358409179434074,-0.11432440656133025
9508.9931640625,0.020437036918080173,0.4237190612796307,0.34539028287830886,0.038540672761578534,0.053808009619302766
9350.529296875,-0.01680504867594127,0.4243788930870991,0.18929791167329996,0.04012399212422987,-0.09540451019107721
9392.875,0.004518472151643944,0.4222752887880848,0.1995702596836749,0.0405730239346919,-0.12698180215370058
9344.365234375,-0.005177910236525379,0.42198885989225426,0.30869948284144444,0.040400848073463766,0.17355695330708087
9293.521484375,-0.00545597007771587,0.3210818459300972,0.30728210540322126,0.03942096677058191,0.0031847146294161632
9180.962890625,-0.0121854536490776,0.32495509151745516,0.20780159699375417,0.03751909391503645,-0.03422853740260834
9613.423828125,0.04602834799275258,0.3569214077838461,0.3789128637198357,0.03722685423091631,0.16404213061802864
9729.8017578125,0.012033084493942919,0.35142897208429635,0.5745594376942873,0.0383968835067714,0.06609772924065638
9795.943359375,0.0067748353927720014,0.3513761975564218,0.5795293348582539,0.03949863199312303,-0.08615274022092123
9865.119140625,0.0070368594474600355,0.3312693021472116,0.6448354901076249,0.040392900152082294,0.01863395105843324
10116.673828125,0.025179720219250152,0.3346690709928755,0.6482549032997997,0.04181802534515949,0.01791655539534176
9856.611328125,-0.026042505869956382,0.3553033904171186,0.41315962280427243,0.04228117474992893,0.09525622744803641
10208.236328125,0.03505244674627077,0.36586592229006243,0.3871808677817882,0.042623012453536474,-0.04514292912495321
10326.0546875,0.011475404940052,0.3336083178798039,0.44462142576934893,0.043959474915849193,0.14319833652610825
10214.3798828125,-0.010873762642183454,0.3415356521207045,0.32215127876928534,0.0445052125227326,0.1275810391237755
10312.1162109375,0.009523015160699344,0.334300204081808,0.45168554366435926,0.04438763023527443,-0.1300248414500942
9889.4248046875,-0.04185355039924229,0.37584311459712993,0.19788920047507033,0.042596318653257366,0.012082041905674856
9934.43359375,0.004540878520857384,0.36017234511661933,0.2354875620347113,0.03940474677640284,-0.011239812333823096
9690.142578125,-0.02489772344158013,0.3361129610469408,0.14694145129396843,0.035518151821274824,0.058726231542070906
10141.99609375,0.04557569247775114,0.36916003840111405,0.31628825125805177,0.03345003301740218,0.02729310158072451
9633.38671875,-0.05144998404328957,0.41293414458407807,0.006409412215232635,0.030202451327274806,-0.00591971247508738
9608.4755859375,-0.0025892656683303506,0.40801815744172987,-0.040132312179631244,0.02579061671441794,-0.04497756853650259
9686.44140625,0.008081532009711982,0.4085795413594796,-0.036079976413737,0.02244396818078297,-0.09312355812069839
9663.181640625,-0.002404158134973382,0.40809310842492724,-0.067558808198404,0.019584291198876384,-0.13286718236678396
9924.515625,0.02668506547579107,0.41650271715719306,-0.06407747266170276,0.018729157528063624,0.13906913792503062
9650.1748046875,-0.028031992193656916,0.4279501652978132,-0.06851254365544505,0.016500787273999614,0.09037108335785504
9341.705078125,-0.03248723753845248,0.4124833508809593,-0.2917648173252567,0.011982816354095534,-0.05858665632498372
8820.5224609375,-0.057407687925487366,0.4539760696370387,-0.446304579634008,0.0036317045926964595,0.17052587871765468
8784.494140625,-0.004092966388449268,0.4519017290286224,-0.43360320208325703,-0.0038488624272064315,-0.10333185688577373
8672.455078125,-0.012836217768337236,0.4501214959519022,-0.49506895678437846,-0.010833108982240375,-0.01920101285245579
8599.5087890625,-0.008446835964171201,0.4343385121855835,-0.4354528713557207,-0.016956293461485944,-0.22012068674131058
8562.4541015625,-0.004318240904803676,0.42926754682355456,-0.46440305054553077,-0.02192664287415754,-0.01246062072666021
8869.669921875,0.035250739590151826,0.42952591991298483,-0.27193082397870283,-0.021866684671951468,0.19260997706805227
8787.7861328125,-0.009274764811755473,0.42394931259175983,-0.5115551825843252,-0.023115384428902028,-0.011049721361573006
8755.24609375,-0.0037097436703969933,0.4240825381887134,-0.404454679610925,-0.024055111388534844,-0.19875022029177813
9078.7626953125,0.03628484201142127,0.44844358029644393,-0.21447799417038965,-0.020736030437719936,0.1332173971525883
9122.5458984375,0.004811004368074786,0.429668606089198,-0.23152271671894525,-0.01809889856897617,0.02803864252556565
8909.9541015625,-0.02357983053034934,0.4337985130390082,-0.2869518309112877,-0.0181873330961999,-0.11981412714321138
8108.1162109375,-0.09430352876922735,0.5335702329596499,-0.573823787942651,-0.02735143959700632,0.09868008166451148
7923.64453125,-0.02301429329184435,0.4948106575225698,-0.5613707481842849,-0.035431487030942184,0.16059940674425377
7909.7294921875,-0.0017576850801850666,0.4737091109109878,-0.514912645125765,-0.04107155285149836,-0.1060556658959193
7911.43017578125,0.00021498848832731012,0.47438384501844383,-0.401981992016903,-0.04494670423139481,-0.08735643170516028
4970.7880859375,-0.46473017533977296,1.6788552750569408,-0.7382120955224,-0.12275639523034973,0.33322613553547953
5563.70703125,0.11268622219754491,1.7549786486776324,-0.550511392309382,-0.13577626856351677,0.31756116817828683
5200.3662109375,-0.06753557004657186,1.7481772016168773,-0.5724955513429865,-0.17105988491317844,-0.7183798054382358
5392.31494140625,0.03624573263084445,1.7650730777674608,-0.5203511729049245,-0.17974306810970853,-0.06150313511076888
5014.47998046875,-0.07264505770911892,1.7718381747510947,-0.6255453615465527,-0.20954037562216596,0.2885091400248001
5225.62939453125,0.04124552567019178,1.7869570586020427,-0.566123347483725,-0.20777880249262956,-0.16096888425764178
5238.4384765625,0.002448204386069575,1.7881795823359383,-0.5606742955103505,-0.2099541530464373,-0.019447093366565582
6191.19287109375,0.1671043242496126,1.9151148773973936,-0.41838537685693183,-0.16512298611215598,0.2974483659231666
6198.7783203125,0.0012244500086869695,1.9159852835225692,-0.4258636898001413,-0.15314549936120045,0.06531386228462921
6185.06640625,-0.0022144850761294074,1.9161753017867802,-0.4087359484026888,-0.1426665326518472,-0.24778175593664997
5830.2548828125,-0.05907702386252891,1.9117909084314695,-0.3662395105078937,-0.14548685307330075,-0.05800411424574392
6416.31494140625,0.09578323765146265,1.9561773796419422,-0.2276526061795366,-0.11923219672246699,0.14791047433487847
6734.8037109375,0.04844470857364082,1.969143730760905,-0.16964583210164164,-0.0988486028707913,0.03653504800627161
6681.06298828125,-0.00801155993972081,1.9606633536233113,-0.17632602519908047,-0.08750448255372002,-0.07830145783031739
6716.4404296875,0.005281211361417012,1.9607281366547629,0.428640523005374,-0.0761707401473221,-0.23306839174237837
6469.79833984375,-0.03741337669931112,1.9621164240918947,0.24316403954722687,-0.07237112233317516,-0.021006283196150832
6242.19384765625,-0.03581324079079013,1.9420397395836522,0.29016073277158083,-0.07162034038702861,0.008626049713814865
5922.04296875,-0.052650213305665085,1.9468942033582177,0.14244897638682288,-0.07614520396851295,-0.20660107280785667
6429.841796875,0.08226844860278629,1.97683831602223,0.367752048989926,-0.06350357409384075,0.2681991439659406
6438.64453125,0.001368107409615196,1.9769243443368463,0.33266663992276846,-0.05739918603483095,-0.12364559006359954
6606.7763671875,0.025777803165675912,1.0134103478060446,0.3599315779684713,-0.04867628329230834,0.20748692835702087
6793.62451171875,0.02788875596596145,0.946640914062076,0.19844541595502263,-0.03907079168332165,0.16660320610307977
6733.38720703125,-0.008906283829348233,0.9049183169247598,0.17310183918716449,-0.033150012007856285,-0.2011470023129398
6867.52734375,0.019725803844387817,0.901162057798466,0.21268184423259812,-0.02575728025346643,-0.1608312699615837
6791.12939453125,-0.011186860819705755,0.8494363497813275,0.32789636189788895,-0.02130344364569229,-0.11738467866220859
7271.78125,0.06838401551364988,0.8657929245425664,0.3028185190000076,-0.010924963230813782,0.463208596007334
7176.41455078125,-0.013201383140758695,0.8709336117406695,0.16972687189936708,-0.00488261674900705,-0.05824359732515916
7334.0986328125,0.021734626116209514,0.6641603971480484,0.24134353041795392,0.0017354662969555387,-0.163681909451725
7302.08935546875,-0.004373997983961782,0.6652668707328938,0.2167090571114865,0.006498752363961865,-0.07597384077849156
6865.4931640625,-0.06165264619598333,0.7095770825007792,0.13680404918668856,0.005723227278776966,0.22552856310617386
6859.0830078125,-0.0009341136128114594,0.6685290334708188,0.23093858132705591,0.004656476193609022,-0.3344551618649412
6971.091796875,0.016198094339308036,0.5845364836833459,0.4259086716409979,0.004984723888047199,0.13569213213127185
6845.03759765625,-0.018247903368068016,0.5651176331643227,0.19948491317496547,0.0038712397248552286,0.07693451600945522
6842.427734375,-0.0003813508563592871,0.5641858380337134,0.19458057828595726,0.002853488028014878,-0.12414905399702647
6642.10986328125,-0.029712937076683203,0.57440474174931,0.016766929577522093,-0.0003224049513047218,-0.05489804426754219
7116.80419921875,0.06902911272643515,0.6071509467985261,0.1349292584579686,0.0026381699636267254,0.370819792778164
7096.1845703125,-0.0029015210954838368,0.5889430074964422,0.15401739021193422,0.0046932687692053995,-0.3638720330328553
7257.6650390625,0.022500902000608027,0.5479751175899841,0.1637238118714298,0.00787987430009515,-0.002039241994797436
7189.4248046875,-0.009446987957285106,0.48047397192507574,0.16772143367966152,0.009709755380285519,-0.035637607637703184
6881.95849609375,-0.04370789261905666,0.5113671052303647,-0.1770667569723129,0.00790047662841012,0.18693283348229528
6880.3232421875,-0.00023764284804566149,0.5045120783874524,-0.1404723236075469,0.006035520633190046,-0.14691145946714812
7117.20751953125,0.033849812461733006,0.5089885256996398,-0.09917167357365585,0.007009288142201193,0.020031757863762323
7429.724609375,0.04297334717626114,0.5268053060795581,0.05172581987027414,0.01087499565398009,0.26874960306272655
7550.90087890625,0.016178084496425684,0.5256321183957621,0.31848102704710757,0.015066078981372116,-0.2278701239643368
7569.93603515625,0.0025177397803475064,0.5223643682458334,0.328378054886507,0.01846927009536605,-0.050174278984407295
7679.8671875,0.014417636083330129,0.4684416156529124,0.3277328378606265,0.02179671607169458,0.0038966793659227505
7795.60107421875,0.01495735604802822,0.46639932040419646,0.4416415077478865,0.025185038044107495,0.08938164722896502
7807.05859375,0.0014686626299017075,0.4617831064333159,0.44634257203952726,0.02788249052633959,-0.08582568868176566
8801.0380859375,0.11984140644428902,0.6188270522241881,0.730638589961686,0.03536137291558218,0.5955026734376396
8658.5537109375,-0.01632197818592355,0.5687514671773659,0.5878614133244975,0.042684670084478654,0.1064747320762045
8864.7666015625,0.02353691044657035,0.5682305774867994,0.6297843395004485,0.04823113569601626,-0.4184218173575651
8988.5966796875,0.013872127279034094,0.5681074480484267,0.6247533553067893,0.05317646307995205,-0.09350920537859864
8897.46875,-0.010189912204170495,0.5629805966603408,0.6114412963291517,0.05673200332146537,0.16007736213495605
8912.654296875,0.0017052718293899742,0.5623656657854755,0.8118915617112268,0.05848079555818931,-0.02980139167837592
9003.0703125,0.010093566989645255,0.5393427014889083,0.8196024252720329,0.059466212208274444,-0.05786272125292058
9268.76171875,0.029084126239824877,0.5039497702139984,0.8215868373087548,0.060586905952488314,0.13473438257761217
9951.5185546875,0.07107536685466279,0.5397263839518797,0.8436862799327909,0.06332178133615406,0.21333853800969038
9842.666015625,-0.010998547172291293,0.5481558702125144,0.7699026174349095,0.06786940410759369,-0.1657012889833709
9593.896484375,-0.025599497514193534,0.5606576262262124,0.6312194417027888,0.06985972345504879,-0.1061451431405267
8756.4306640625,-0.09133874992634657,0.6452695688282621,0.2736587098228365,0.06823727611838866,0.30741132941753335
8601.7958984375,-0.017817356616017375,0.652682278354452,0.2029253134889673,0.06061549061860523,-0.1031327609664281
8804.4775390625,0.0232893964825246,0.6488796048369231,0.23952873652589474,0.05360862080909306,-0.30408995156552265
9269.9873046875,0.05152160673099469,0.6552082055044758,0.1289874435283464,0.05016653722041119,0.07792750626048317
9733.7216796875,0.048814308336527425,0.6686891135607628,0.2717218918192813,0.05047291246387455,0.21395672972795765
9328.197265625,-0.04255454133663077,0.6963561383284301,0.11150397477040955,0.05080340856601206,-0.15844219842823293
9377.013671875,0.005219563387115276,0.6964252139302167,0.09517302104464605,0.048925705301605706,-0.2864185908412793
9670.7392578125,0.03084341466898477,0.7002029041425855,0.18051190275574044,0.04809643459390579,0.10289816439884092
9726.5751953125,0.005757095071523827,0.6996119765899197,0.1882152593862965,0.048244888135257055,0.04256190302804086
9729.0380859375,0.0002531804680276828,0.5695234226714627,0.17136180803696932,0.04803575246366792,-0.06348469764937192
9522.9814453125,-0.021407053865041548,0.5723289965967724,0.060864315754382975,0.04663216395164325,-0.071482410995241
9081.76171875,-0.04743978112005262,0.5963886430631716,-0.2210146717047975,0.042457884230485896,0.07331165980988885
9182.5771484375,0.011039704675422358,0.5956753175664083,-0.16807903109935268,0.03739897461001536,-0.27702009810666794
9209.287109375,0.0029045429371388543,0.5942047492214373,-0.10380278107546445,0.03350902375726373,-0.07243193210876697
8790.3681640625,-0.04655584805354227,0.618423939140328,0.010325874723641987,0.027800325267012694,0.15938055551814756
8906.9345703125,0.013173543308948167,0.6192324124537658,0.09392991640668939,0.022518949202674058,-0.038578821331757496
8835.052734375,-0.008103063993220552,0.6096342676758514,0.00980672518374007,0.017910297918564477,-0.05599966995710659
9181.017578125,0.038410971222694656,0.566954236616607,-0.02967404964026855,0.016432159572942057,0.10137397694917283
9525.7509765625,0.03686071480897355,0.584337164865329,-0.07223130084074768,0.01793738595155143,0.048484958302907444
9439.1240234375,-0.00913557886418624,0.5782732472998073,0.043325095879570764,0.018823931192810225,-0.0437283420427228
9700.4140625,0.02730538972956484,0.47630001110194503,0.1166327856879937,0.02080726532970602,-0.005293152137124224
9461.05859375,-0.024984292562996217,0.4815281789581259,-0.0771327605901331,0.02107290543022174,-0.1640026566480941
10167.2685546875,0.07198931640233779,0.5344984057481154,0.13081563880942795,0.024736523224264034,0.23694008421047386
9529.8037109375,-0.06474947480283666,0.5650800705699814,-0.04976114089840749,0.025040193834940536,0.10605989032337959
9656.7177734375,0.013229694990896244,0.5389784822746408,0.03407579849722581,0.024433340439892506,-0.44790060192483594
9800.63671875,0.014793539385652563,0.5174992259006351,0.19818071580017957,0.02475719347867921,0.03591035833677836
9665.533203125,-0.013881075272663914,0.5205856158314914,0.13189541429965956,0.024244440155710034,-0.09767444232793565
9653.6796875,-0.0012271221586050945,0.5089389629053628,0.12185813446366765,0.023225950064802447,-0.13999364197521658
9758.8525390625,0.010835668358634767,0.5100306957202854,0.29056943197872387,0.02276109229538768,0.20206924783497726
9771.4892578125,0.0012940603543832425,0.510046447511077,0.2677363571865273,0.02240789449777698,-0.15206799456182907
9795.7001953125,0.002474647666023554,0.5036213561605386,0.30195213897103057,0.02204191244043893,0.09880994677713772
9870.0947265625,0.00756591700730524,0.46955098877759033,0.23680556878028328,0.021986236776552804,0.08051888300163412
9321.78125,-0.05715571914128428,0.5163665554523575,-0.06551211365887283,0.018413576343925944,0.16265524034530188
9480.84375,0.01691958379014404,0.5195281183423365,0.013095109236698193,0.015488323544778805,-0.2909844948007354
9475.27734375,-0.0005872938226618028,0.4878459976930552,-0.07683380985326621,0.013222919816574873,-0.2525475500384715
9386.7880859375,-0.009382843818570023,0.488637797095915,-0.026722628004254716,0.010644634967495114,0.07813406241972487
9450.7021484375,0.006785862337686215,0.48715866764505944,-0.3353117300408397,0.0088882860389629,0.34064874210831064
9538.0244140625,0.00919733936802677,0.47002243595308313,0.005180441498117147,0.008129301845041188,-0.21355596701601698
9480.2548828125,-0.006075177257296805,0.45203946601738476,-0.1162677573307998,0.007065401945398251,-0.0665180171408899
9411.8408203125,-0.00724264397501192,0.45159509066200937,-0.2695808678308525,0.005577107004263554,-0.12706221067311674
9288.0185546875,-0.013243316204145586,0.44173459397740533,-0.2638223963976553,0.003301218104711447,0.09965593923668692
9332.3408203125,0.004760633072752032,0.43391028599685133,-0.21958208468674414,0.0017943500214826296,-0.1363093259803314
9303.6298828125,-0.003081241183796443,0.3384775504533905,-0.3282186904826426,0.0003612834533907601,-0.11142304630057254
9648.7177734375,0.03642039931563134,0.28579336301874164,-0.07140366209895774,0.0021106529649288076,0.32002316670724795
9629.658203125,-0.0019773010491619188,0.2819664519392283,-0.09685990194177492,0.0033162853995463673,-0.21587134654325624
9313.6103515625,-0.033370923273779836,0.2994242673015075,-0.28451541912528966,0.00165601450656819,0.10883030282735717
9264.8134765625,-0.005253081495321345,0.29664658583130904,-0.03911585503882904,-0.00017065236026697018,-0.018397965016909268
9162.91796875,-0.011059043986902698,0.29830367005567615,-0.22721663882662368,-0.0025116565937608457,-0.014859648733921205
9045.390625,-0.012909378740095026,0.2960086188365469,-0.28447094836309733,-0.005408224547305872,-0.06001440815379766
9143.58203125,0.010796911071170564,0.3000700069440562,-0.15991121010081344,-0.006652243866877038,-0.17081213522269678
9190.8544921875,0.0051566968672220465,0.300906903530001,-0.1727434557511225,-0.007147222415508334,0.12262858557983947
9137.9931640625,-0.005768117633966839,0.2982984384196749,-0.2721709653635959,-0.007985119921769384,-0.04502820358191073
9228.3251953125,0.00983678469207803,0.22540876581478786,-0.16769132572931042,-0.00765396602167676,0.014870808796715096
9123.41015625,-0.011433924918011266,0.2187101809990594,-0.1874334851844263,-0.00837060606599963,0.02274075895253702
9087.3037109375,-0.003965412107265914,0.21876557104858976,-0.13831652939696043,-0.00911951925246426,-0.2225441225315521
9132.48828125,0.004959953765059784,0.218348106938525,-0.13764050808772438,-0.009134224420302062,-0.062176746813467076
9073.9423828125,-0.006431364974036432,0.21683273305007011,-0.15500320295213796,-0.009650264911217331,0.048662392288978396
9375.474609375,0.032690364054528694,0.24692085155872462,-0.18998062864224394,-0.007014456022156854,0.3267093959304397
9252.27734375,-0.013227475028494522,0.2502079374771656,-0.24467020895483685,-0.006242862855240039,-0.25666286618621825
9428.3330078125,0.01884958505462196,0.25886611533480236,0.08180369775673682,-0.003901840518822097,0.3532005712061661
9277.9677734375,-0.016076772716190905,0.2609880972597031,0.00874631015791806,-0.0034416854691948842,-0.09032763333434346
9278.8076171875,9.051613040455209e-05,0.26037114757291335,0.08260562972413112,-0.002984908622596597,-0.0654647218673361
9240.3466796875,-0.004153644618958577,0.2605515196612161,0.1472633078683748,-0.0029360908983949705,-0.2409552708924103
9276.5,0.0039049160883403893,0.22248822089365256,0.10533810681286113,-0.002532628435226577,0.08686706150067991
9243.6142578125,-0.003551357868856212,0.22255933031199537,0.04229458236239083,-0.002488246416107174,0.1924750287588104
9243.2138671875,-4.331631390260929e-05,0.18930014770039286,0.08805266835561099,-0.002421619024999015,0.031752102861567266
9192.8369140625,-0.005465061808117076,0.18937401440406038,-0.03072526517996778,-0.0027917223959253792,-0.13224793427531267
9132.2275390625,-0.006614939463274875,0.18669128305095647,0.007938482566815992,-0.0035890870398146203,-0.008287084327839978
9151.392578125,0.002096417007004295,0.18060742298781374,0.05859433230231872,-0.003982616239215106,-0.11945972909584768
9159.0400390625,0.0008353119275824921,0.17655109914702635,0.025138107363763568,-0.004181283225969678,-0.12935195913136965
9185.8173828125,0.0029193317943758054,0.17587589699839293,0.10920314859004833,-0.004046836620721228,0.054507941742382826
9164.2314453125,-0.0023526855605594836,0.17481193038131432,-0.2837304841789222,-0.00410203022021186,0.06120009382946279
9374.8876953125,0.022726572419009328,0.18964972999038432,0.1473718433605761,-0.002206630801202347,0.2727836542894728
9525.36328125,0.015923467431184803,0.19112291540930992,0.12032532711281703,0.0005036312928285338,-0.08891665548802408
9581.072265625,0.005831453188377249,0.19012251595584487,0.4258621751388719,0.0030427561090112885,0.09315882478255588
9536.892578125,-0.004621806400934839,0.1916119330939631,0.34179680654889694,0.004653334704120235,-0.09191878069990267
9677.11328125,0.014595935230040647,0.19362467187885513,0.5097394935116358,0.006922220763296954,0.0034558358878875595
9905.1669921875,0.023292897324558883,0.1767946093123332,0.5994479997641367,0.010310726151715945,0.21080581088648032
10990.873046875,0.10400866598506177,0.3933872889649775,0.831409000152625,0.0195714940004503,0.5447591509794094
10912.8232421875,-0.007126663372121388,0.3952212290200242,0.7661524864942834,0.027027472887810232,-0.20636086251511188
11100.4677734375,0.01704870717725163,0.38662001572433685,0.8235039685653337,0.03325129594034713,-0.15576588835241267
11111.2138671875,0.0009676074745081875,0.3863653760694258,0.8731012624348441,0.03814682753818123,-0.0741791432939003
11323.466796875,0.01892242337372686,0.3846158184213279,0.8830628670906,0.04228885832691074,0.013178674167853899
11759.5927734375,0.03779203373214687,0.39594352423103785,0.9004111579805771,0.046879210963982565,0.11855577127705175
11053.6142578125,-0.061911857122825646,0.4728035639600135,0.5235759519927938,0.04934341420834169,0.049907659644471636
11246.3486328125,0.017286053356239672,0.4724373251825152,0.5569342504545927,0.04890415161877808,-0.30168387904738836
11205.892578125,-0.0036037470015529804,0.471684857201039,0.5131261232042706,0.04855290944898795,0.04713968001675539
11747.0224609375,0.04716003790353572,0.4851430512788646,0.561168553594112,0.04906873972845217,0.1386781068698646
11779.7734375,0.002784144331385825,0.48495186925914335,0.5586089446545653,0.05074693971032949,-0.04227661444162223
11601.47265625,-0.015251902049187646,0.49342656086853953,0.5072490890433545,0.05115722163971699,-0.011537194830061992
11754.0458984375,0.013065469924046941,0.4923123699264875,0.5087400187451323,0.05066739243828863,-0.274920447942808
11675.7392578125,-0.006684391826167338,0.4942617031950504,0.4502115892094437,0.050028324733664926,-0.004703093937092007
11878.111328125,0.01718420090459035,0.4930728946235196,0.29095294696450197,0.04922080636569934,0.40086895603363715
11410.525390625,-0.04016111286278769,0.5259930353055057,0.14472469484843273,0.04742152093004489,0.03483333302678204
11584.9345703125,0.015169300755772669,0.5262844572552667,0.14142032071140492,0.044431323799894,-0.07585477584909839
11784.1376953125,0.017048853955416797,0.5241918605670478,0.18618992029818215,0.0427776970586653,0.09353849662180735
11768.87109375,-0.001296361228177031,0.5256102848276341,0.13034214042784398,0.041533541467621816,-0.12707299242006798
11865.6982421875,0.008193734253123777,0.5231906089386361,0.034473393265389805,0.04036619068845827,-0.037112084073108065
11892.8037109375,0.0022817499658520377,0.38447745072628314,0.3498048927038496,0.03934946470333849,-0.12632412201380205
12254.40234375,0.029951760409884235,0.39275627458458434,0.39256174610160516,0.03940392452711628,0.3158195708042726
11991.2333984375,-0.02170941475499902,0.40201674170125135,0.2814237815853858,0.03903234203217263,-0.08054554555273441
11758.283203125,-0.01961788699136637,0.41053132593486114,0.004536197271668528,0.03678373977902736,-0.060968277291934214
11878.3720703125,0.01016132774175868,0.40714035481873767,0.03836885704057593,0.03445975120864435,-0.1943332269266378
11592.4892578125,-0.024361862793125022,0.3950620862519034,-0.0033553461189121947,0.031372766090231236,0.16364933764265643
11681.8251953125,0.007676821280393403,0.3226864105515055,-0.027627351705518208,0.02832730765022458,-0.16122611633487693
11664.84765625,-0.0014543864269716935,0.31832763445320056,-0.004266577561676854,0.025727874677039027,-0.09007880159265724
11774.595703125,0.009364458635234827,0.31872146583433647,-0.04207698346824202,0.023891533847833938,0.11243947355774964
11366.134765625,-0.035306004408532356,0.299203290976677,-0.018488209837564967,0.020305520972412856,0.2403862001473911
11488.36328125,0.010696334763965401,0.3020623178653635,-0.041114411866492444,0.017264081675658714,-0.15759387423718252
11323.3974609375,-0.014463477673961746,0.3015902718381083,-0.1990577835867441,0.013907937357428984,0.03386031708064863
11542.5,0.01916471859560327,0.3061626233139692,-0.0898853923365587,0.01222984136641045,-0.15985094011439216
11506.865234375,-0.0030920412474540297,0.3055285904382072,-0.14603037970896268,0.01076953380225509,-0.12466429521751365
11711.505859375,0.017627931208674324,0.30587749514961954,-0.06880937463134813,0.010701383800398178,0.122288610350342
11680.8203125,-0.0026235581917250007,0.26838184845864427,-0.2489644637285363,0.010491949941242352,0.12028929185578363
11970.478515625,0.02449528784504093,0.2767449098715764,-0.008906297662220765,0.011870089099898062,0.20335442615575516
11414.0341796875,-0.04759982836281475,0.32065404084679416,-0.12971661580269397,0.00975892394381102,0.026229636911065057
10245.296875,-0.108024907829682,0.49547795147914564,-0.44107330268300016,-0.0006995931166451709,0.1299207168436709
10511.8134765625,0.02568095890557451,0.5063278584091242,-0.29341180191532173,-0.0074878811408042,-0.06342585425495884
10169.5673828125,-0.03310004713411871,0.5141153516131508,-0.3842072669894742,-0.015848130616928476,0.40477227938072957
10280.3515625,0.010834787536525494,0.4997617563752281,-0.3435599057071872,-0.02092320096784703,-0.19195925813572146
10369.5634765625,0.008640468391535637,0.5009598988121889,-0.35044175666328015,-0.023895145643926714,-0.09525763197352433
10131.5166015625,-0.02322390559011147,0.5023009717231964,-0.3216069958378043,-0.028579670424804502,-0.008108330600354208
10242.34765625,0.010879835709758444,0.5026413662756384,-0.32554244745111616,-0.030280428571560356,-0.32609631827436303
10363.138671875,0.011724294913524443,0.5028208082038674,-0.25381304868291066,-0.03021306333653771,0.8130974630384848
10400.9150390625,0.003638635248421432,0.5016089072454473,-0.316930431294075,-0.02969346795082587,-0.18536068366200809
10442.1708984375,0.003958714499077175,0.5025989356426017,-0.2951232591607706,-0.028604084197963293,-0.20698157484505586
10323.755859375,-0.011404867595945653,0.4998314923966037,-0.39409037489159826,-0.028747136313700346,-0.00664033910097217
10680.837890625,0.03400365092776386,0.5074806830391616,-0.25988441034289694,-0.024662340611048644,-0.029275700704321395
10796.951171875,0.010812510742824319,0.5075227669624061,-0.3193921807259801,-0.020840155303623743,-0.08669341438737987
10974.9052734375,0.016347532426243053,0.5101531782691535,-0.13324049001269955,-0.01623351554882125,-0.054991126380731004
10948.990234375,-0.002364091830582051,0.5042410674434455,0.326852368359838,-0.012922956927060488,0.21503346547358504
10944.5859375,-0.0004023369137903027,0.5042994310650629,0.22887996987090106,-0.010188027816273398,-0.37041223874116014
11094.3466796875,0.013590771382837723,0.5023616523205533,0.5445189527575599,-0.006741290143776922,-0.14597167328301808
10938.271484375,-0.0141678855300922,0.5040049187038182,0.37732710520562907,-0.005268124532719425,0.08159466103623814
10462.259765625,-0.04449331082805089,0.5129846281544004,0.04351054718584905,-0.007789021263748366,0.15653843944459211
10538.4599609375,0.0072569445920738825,0.4915316306405344,0.20671861535435737,-0.008842121114436514,-0.2011529048854186
10246.1865234375,-0.028125828810467837,0.31866408004430863,0.0017854960378809893,-0.012160207930647923,0.007039576856143981
10760.06640625,0.04893613643511954,0.35242043018539465,0.1560792149744964,-0.009925054938001202,0.6840057520018874
10692.716796875,-0.00627888978372976,0.3299762883774627,0.11342280217214708,-0.00907185622116929,-0.18075466077425872
10750.7236328125,0.005410230472935921,0.3287201975486697,0.11915802901489869,-0.007776094798166248,0.17454474689328237
10775.26953125,0.0022805831897412406,0.32785104895616995,0.1809259054241781,-0.006513624161883233,0.13726382671639925
10709.65234375,-0.006108227146350323,0.31585152498484914,0.013073071075028366,-0.005986393653035864,-0.11803013112102789
10844.640625,0.01252558330751577,0.31646507958867004,0.021452915017552244,-0.004412737508171511,-0.025015894318439535
10784.4912109375,-0.0055619032310387645,0.3159892205362686,-0.09045034987692774,-0.003650610438486346,-0.05315258077394702
10619.4521484375,-0.015421675401221661,0.32186103255308884,-0.1468332343945322,-0.004278880311557533,-0.09861249423214602
10575.974609375,-0.004102545378274992,0.3221632019871327,-0.1614326723566647,-0.005025073509502564,0.19542957659241011
10549.3291015625,-0.0025226166977002406,0.319289934696914,-0.25229261170449846,-0.0057541283371956515,-0.08580288895784705
10669.5830078125,0.011334718114116692,0.29769722766978207,-0.12647505665570108,-0.00528027809996088,0.467135432040358
10793.33984375,0.011532279024733388,0.298056394981924,0.18682041698527896,-0.003928815332157802,-0.4046992448592128
10604.40625,-0.017659664062251813,0.29773716294939745,0.03498630931278811,-0.0043450799168616204,-0.10911018774802272
10668.96875,0.006069812450621233,0.29899651709718045,0.2551174763035172,-0.004056483949214374,-0.12011555106584026
10915.685546875,0.022861384647314218,0.3110774037642996,0.11195275539522896,-0.0019157418279060023,0.5158242451505082
11064.4580078125,0.013537193923190284,0.31104611239208313,0.2526332624451878,0.000787969879017987,-1.0213971865387883
11296.361328125,0.02074267777372715,0.3148184554529269,0.3316216091565951,0.004455680425601262,0.0034529801546447914
11384.181640625,0.007744148940002064,0.2638336452838074,0.35637306778153177,0.00785027492773111,-0.1360124192365646
11555.36328125,0.014924866101628098,0.26639489966677304,0.4661616089800472,0.011474305314113108,0.2702209795121995
11425.8994140625,-0.011267025530866026,0.24476459421652244,0.3213723991126585,0.013531856243337467,-0.07632062376257664
11429.5068359375,0.000315673400463534,0.18332750540700185,0.3681312861675795,0.014908305860637025,-0.005708732798055394
11495.349609375,0.005744241377636975,0.18018151613699696,0.5299032439155604,0.01618647390825869,0.01579786415764417
11322.123046875,-0.01518396829079633,0.1919134396193721,0.4185525714974739,0.016111002326822298,0.04582547751569166
11358.1015625,0.0031726798498982116,0.19192053279411778,0.4513187528872507,0.015877282641959454,-0.29269708948326567
11483.359375,0.010967693217915127,0.19117440004611713,0.45284658383934356,0.016253699613610006,-0.045291410856751924
11742.037109375,0.02227634146506345,0.2002081281707861,0.49105803320519814,0.017892980541785654,0.26624682548359857
11916.3349609375,0.014734826605249336,0.20034768588729482,0.6842550264263662,0.020139134573432024,0.25903239376901865
12823.689453125,0.07338405430586939,0.3023654790820381,0.7806671798424832,0.025971094110973637,0.33953030575403176
12965.8916015625,0.011027987566796663,0.29812399667248035,0.7720350042330275,0.03189169991558481,-0.22320143954699745
12931.5390625,-0.0026529704553783216,0.2981980523105221,0.7347337110015769,0.0362748306975945,-0.1811644181830303
13108.0625,0.01355828284978525,0.29841659478902505,0.7288239466687392,0.039775125960198145,-0.1660336361051371
13031.173828125,-0.0058830252475124915,0.30381041859142416,0.6654902510725986,0.04222674510350152,-0.005532168197927234
13075.248046875,0.0033765071930938885,0.28768963062038094,0.6473798444502716,0.04360476630529114,0.1882161890552183
13654.21875,0.04332755896265355,0.30968466500936914,0.7966093291597051,0.04580315168577402,0.1358938958461806
13271.28515625,-0.02844584941845549,0.3387440558072529,0.5797989374058378,0.04754844863305093,0.06084973657788595
13437.8828125,0.012475103458646658,0.338608353126894,0.5927171458607973,0.04774062697737795,0.45440523773136476
13546.5224609375,0.008052075583308513,0.336114910081389,0.6923663808153802,0.04806532609377923,-0.6138370143800636
13780.9951171875,0.01716060814063042,0.33727760431659637,0.7102670310851141,0.0486112872244962,-0.009033720224600472
13737.109375,-0.003189593193523672,0.3395726248150196,0.676828002139608,0.04902787568530942,-0.21457305601791887
13550.4892578125,-0.01367823012311885,0.34155024097889514,0.5551122436045611,0.04824557744061779,0.2297994989395029
13950.30078125,0.02907841515337467,0.3475852353491758,0.5839146693422461,0.04750586354562809,-0.029734477300781492
14133.70703125,0.013061444695718672,0.34737709914903475,0.474750885045668,0.04788744448407371,0.1618142476041946
15579.8486328125,0.09741581080424415,0.45189936662450636,0.6433059878237066,0.05106130699080686,0.15139429686841055
15565.880859375,-0.0008969303080480761,0.45365431281022783,0.6515916562953754,0.0564276569018684,-0.025244293067238743
14833.75390625,-0.04817614127429782,0.5073376910784914,0.37526964880620595,0.0589749393654445,-0.1287564933706804
15479.5673828125,0.04261566759184631,0.5174133554333697,0.4738096952041809,0.05902007833838431,-0.2739444529529038
15332.3154296875,-0.009558200327301026,0.5239858909303589,0.4282340537702407,0.060123649705217976,0.2486203696478917
15290.90234375,-0.002704687109614758,0.4741628817438324,0.34579658302041794,0.05980507195039613,-0.2891237939812825
15701.33984375,0.026488015591815354,0.478284883089526,0.510452855844184,0.05929597522180005,0.1519680547397968
16276.34375,0.03596670089126322,0.4847949795560869,0.549132371325164,0.060164261621187334,0.13793562445238905
16317.80859375,0.0025443132057155655,0.4857508980920543,0.5431958701486712,0.061845790737901724,-0.07837552242597212
16068.138671875,-0.015418716403050705,0.49128187278861085,0.4469683422116668,0.062311050488080895,-0.13962035254794714
15955.587890625,-0.007029240926094911,0.49465289503937615,0.42780862859167995,0.061081655561227445,-0.14999406166623785
16716.111328125,0.04656389869041283,0.4976730671039021,0.5496269549030879,0.06001950331628242,0.28731028498171796
17645.40625,0.054102475844138374,0.4990974307242412,0.5875443555271721,0.06168607793879119,0.21290032972294526
17804.005859375,0.008947999876361636,0.49942012500520533,0.5859110198532417,0.06489901374905235,0.22940462863155986
17817.08984375,0.0007346200168832048,0.5012611227116408,0.46308168070678507,0.06711650545982141,-0.28262795735749435
18621.314453125,0.04414876269819295,0.5127538213928379,0.5435303543131005,0.0686292963791292,0.00021137615241073604
18642.232421875,0.0011227042351799794,0.5109444985891078,0.7756180470192788,0.07131295872994091,0.06937096435997248
18370.001953125,-0.014710561659748133,0.5117326722723953,0.6371273393133902,0.07255784446743195,0.04029237791692353
18364.12109375,-0.00032018509970887474,0.5118094241807553,0.6897841997176386,0.0718758011381694,0.0347726343811523
19107.46484375,0.03968026776556164,0.5199944096794917,0.7487527683845571,0.07086468848044453,0.18582938773402446
18732.12109375,-0.019839332374638075,0.43303897955144693,0.5987162648700616,0.07128905277412638,-0.1634055774782439
17150.623046875,-0.08820525362378571,0.5540611572654583,0.14406542097049269,0.06876754656193318,0.3397732137935492
17108.40234375,-0.0024647942560283285,0.5186690779155901,0.13025933184071406,0.06081129971095743,-0.4567112896071386
17717.4140625,0.034978293300267825,0.5124101147034085,0.25654783657149466,0.05464621656420648,-0.17630279675665506
18177.484375,0.025635704702410122,0.5127812403234614,0.3278949869690143,0.05156347384058445,-0.04604510111954596
19625.8359375,0.07666315234015364,0.5645372461709738,0.3898307124625325,0.051867601543565976,0.42722918196212234
18802.998046875,-0.04283053060242915,0.5945482181522607,0.1573324725251558,0.05339004876493139,0.03914091357643201
19201.091796875,0.020950814137308933,0.5878713314288568,0.1838970414104712,0.052767828960849805,-0.28332750984111144
19445.3984375,0.012643316046180679,0.5876613603317247,0.20800198395786196,0.0528883019881812,-0.15778574946746105
18699.765625,-0.039099467524232566,0.6063041083179761,0.010097013460823376,0.05182786811852563,0.05904422359770223
19154.23046875,0.024012613075875922,0.6063937418965769,0.06241376656695749,0.049490119076183295,-0.2178235665349888
19345.12109375,0.009916644389898553,0.5901278567836097,0.12005977243847013,0.04837094200727101,-0.07421825812690841
19191.630859375,-0.007965956561317785,0.5654555794961381,0.10006700497167728,0.04706596836318162,0.061432531256091494
18321.14453125,-0.04641845955624486,0.5927826697459141,-0.0936463593778636,0.043561676647007795,0.16408251686258524
18553.916015625,0.012625041029578565,0.5940983662785431,-0.021589815527917153,0.03908462510146882,0.0825752351247857
18264.9921875,-0.01569464022080565,0.5755083807674182,0.1600747969572963,0.03486036209677127,-0.29812355926724976
18058.904296875,-0.011347356530151446,0.5766093172954196,0.13339592099664033,0.03010873261253017,0.08880534887182989
18803.65625,0.04041245632345914,0.5929403795691215,0.1495962303495098,0.0278715263189234,-0.24959801103924306
19142.3828125,0.01785353982728499,0.5958381621396672,0.13514331215805966,0.027673897126883194,0.15700174878915973
19246.64453125,0.005431863337978572,0.5793434361424726,-0.06542603456041504,0.027872766604119525,-0.12437517454949543
19417.076171875,0.008816158477203611,0.5750034302343072,0.1193933271763899,0.028284322159206815,0.17387572801721163
21310.59765625,0.0930515975767781,0.558443072461733,0.3177565776401929,0.03303394209439209,0.5072076997440824
22805.162109375,0.06778242711074886,0.5909390057736302,0.42587922123074096,0.04106249807417583,0.4745557837394898
23137.9609375,0.014487680725324005,0.5859165782161492,0.5936454359908481,0.049029521426295936,-0.5694680508948728
23869.83203125,0.031140804146840156,0.5877709683358096,0.6081839231193475,0.05592963475025597,-0.048195419411264595
23477.294921875,-0.016581622945616773,0.5468975813669035,0.519428932659253,0.06157690541038485,-0.016856240804379752
22803.08203125,-0.029138076932326975,0.5316470959950461,0.42608230779371753,0.06411745373368115,0.1919559068442318
23783.029296875,0.04207656794577848,0.5427782309669916,0.6361823032954758,0.06460270398970669,-0.03735160105829749
23241.345703125,-0.023039436663009637,0.5557086479634746,0.5270138158503854,0.06600290812291648,0.14660466499141123
23735.94921875,0.021057908650393337,0.5270572298065701,0.601204069343498,0.06547240790068591,-0.21914757509772542
24664.791015625,0.03838601817057906,0.5338553080703912,0.672508624522566,0.06592988081050297,0.023756887893156886
26437.037109375,0.06938918605018134,0.570321798438142,0.7035213228452423,0.06829347534311932,0.13881049346852947
26272.294921875,-0.006250988870123867,0.5694130432261902,0.6678284021707123,0.07278622275690241,0.31879232046323125
27084.80859375,0.030458043294241247,0.5215533841869281,0.6884934168873446,0.07528011552749925,-0.3039219338695176
27362.4375,0.010198176486275929,0.5220514106958771,0.6913992198995913,0.07810394888859092,-0.08042262339007067
28840.953125,0.05262518188935121,0.5174011092698844,0.6798370171992377,0.0800117626121349,0.124890917654362
29001.720703125,0.005558802229052879,0.5059381315767861,0.6360069521472406,0.08370972656027154,-0.09252549055938886
29374.15234375,0.012759952848226697,0.5033277367404888,0.637481626806246,0.08592156432421304,-0.1379481294727185
32127.267578125,0.08959001114880642,0.5565183576014711,0.6995581562190921,0.08684403703869416,0.5105543171731455
32782.0234375,0.020175172403393154,0.5517704180959143,0.7711523286015551,0.09209466657707772,0.14767468184499322
31971.9140625,-0.02502246735581663,0.5786757978356971,0.7514264393126546,0.0969421710632158,0.031264015330233264
33992.4296875,0.06128001171320478,0.5386810119987806,0.7709588806541834,0.09673506859257289,-0.183636874836683
36824.36328125,0.08002182823088061,0.5536167806032937,0.874477680856634,0.09843055414791153,0.10851134362467008
39371.04296875,0.06687092425852742,0.572630571744306,0.8891256385203781,0.10286843230768183,0.11850918927687815
40797.609375,0.0355928898794487,0.5733187562227627,0.8921774749749568,0.10909879528623725,0.03870888794209293
40254.546875,-0.01340052262051337,0.5702290773365408,0.8198678419102058,0.11603773538808984,-0.35167896663864795
38356.44140625,-0.04830048595686678,0.5985839349123487,0.6501501461932068,0.12093989219016574,0.25490703753114374
35566.65625,-0.07551390060372581,0.6945408043714356,0.4124615315258345,0.12197287259137275,0.43300125219572294
33922.9609375,-0.04731647785882869,0.7194498269119808,0.2991569426128612,0.11561641779046636,-0.5003266300853788
37316.359375,0.09533972073625589,0.7690048626859902,0.355438625223436,0.10242256169629337,-0.07508801764504724
39187.328125,0.048921612778852486,0.7727694522217063,0.39857399250224856,0.09823005971056914,-0.08650770193949597
36825.3671875,-0.06216649897230796,0.8086254741954501,0.2705140275717744,0.09880431000068676,0.06311838070514852
36178.140625,-0.017731847143619858,0.8139326136434739,0.1592401698039805,0.09343209609419029,-0.16061882509815462
35791.27734375,-0.010750872199338055,0.817358943235536,0.1195530299640869,0.08684914230118412,-0.09722425089643139
36630.07421875,0.02316538885922865,0.8178682128332034,0.18485086311152457,0.07990742311708468,-0.055931104725125635
36069.8046875,-0.015413522880192659,0.8115303317835112,0.08750779955602113,0.07504396323236721,0.1451171940599565
35547.75,-0.014579216975338103,0.8165143290331678,-0.05957288958649798,0.06925367370630656,0.15489426053802902
30825.69921875,-0.14252813081835994,0.9797415108257627,-0.36201713435970645,0.06050507204342614,0.12380529044744293
33005.76171875,0.06833341147530216,0.957303682241208,-0.319884696651051,0.04696948289198704,0.020467856710915555
32067.642578125,-0.028834641394269323,0.9603228122852955,-0.33073914610604616,0.03776659159718622,-0.4679294457200385
32289.37890625,0.006890847351743181,0.9564530800893222,-0.26290529882673924,0.02939773594519901,0.005960778271674627
32366.392578125,0.0023822686367903426,0.9292700390370234,-0.15715132597115627,0.02284489462149402,0.208102347280537
32569.849609375,0.006266383460683916,0.8779126245091652,-0.07150247645534819,0.017894332671777043,0.0059652152943598935
30432.546875,-0.06787434522440919,0.8593846995478299,-0.3896229431188647,0.009298976145316402,0.03780144414352904
33466.09765625,0.0950202595471698,0.9270631301331627,-0.3038284246470099,0.008571486682604644,0.2011210040490461
34316.38671875,0.025090070847817985,0.9351704734791363,-0.1448704002292145,0.010328618362573911,0.43227577237396275
34269.5234375,-0.0013665573129015413,0.9230929772398837,-0.11416246760609625,0.011660966749299902,-0.5932238974560349
33114.359375,-0.034289423389572346,0.8928029089278934,-0.15308281749137762,0.010216273637558572,-0.2109169887011504
33537.17578125,0.0126875420679964,0.8791107909942117,-0.18118116881886465,0.009545936261705223,0.15176647490219963
35510.2890625,0.057167938879420434,0.8331141084611203,-0.030270932844743043,0.012944573470982155,0.027123496178091955
37472.08984375,0.053773897801538996,0.8372525956888935,0.09658721171692236,0.01922060065380408,-0.030935001179660304
36926.06640625,-0.01467867670382311,0.8086503250252859,0.3873910032144067,0.023631586436228088,0.11815214318749412
38144.30859375,0.03245885330843299,0.8135518286812662,0.3475397916855005,0.028293844927368958,-0.16105529923845197
39266.01171875,0.02898274128113115,0.8170916447336621,0.48088265820588844,0.03357403230469937,0.1965596896614663
38903.44140625,-0.009276588183404773,0.8154455653634314,0.43773010106634586,0.037571912873179215,-0.08520145811288415
46196.46484375,0.17182056188812328,1.0075507806509787,0.619462593872673,0.046304774371402194,0.437675886095402
46481.10546875,0.0061426193854515,1.002873055756757,0.6208413260307134,0.05740405261360504,-0.10001626070843628
44918.18359375,-0.03420320342962812,0.8399575550575114,0.6634828347608925,0.06517730653334526,-0.05035660916893647
47909.33203125,0.06446761605839371,0.837042476247975,0.6628279973691735,0.0696348614560632,-0.07012390207752262
47504.8515625,-0.008478464657924508,0.8247610370377305,0.617885525670664,0.07548565746731963,-0.061229070298928434
47105.515625,-0.008441745251820123,0.8296878511412408,0.5916025916517339,0.07873614274967977,-0.08594317337627544
48717.2890625,0.033643879906238475,0.8288623440467082,0.7043069338247386,0.07988046470085139,0.014109424182091601
47945.05859375,-0.015978235928812496,0.8376241970933781,0.6402647562636963,0.0819419849639792,0.07853661766118236
49199.87109375,0.0258352607407487,0.7716751463040746,0.6284033111569698,0.08156829385700298,-0.00026369514508672864
52149.0078125,0.058214152169521576,0.7370419586829242,0.6445147670176476,0.08185828204113614,0.047782059804237775
51679.796875,-0.009038226589304248,0.7451649774516895,0.6500806629319763,0.08481203363078102,-0.43993566625914937
55888.1328125,0.07828513543693166,0.7675075400974297,0.6908156606238396,0.08514028454736315,0.198673446962772
56099.51953125,0.0037751835203801024,0.7402765096022531,0.6794551969332452,0.08939430664255467,0.07067554984207192
57539.9453125,0.02535215971053203,0.7385375561063091,0.7208680796113347,0.091654739354047,-0.27237227756784677
54207.3203125,-0.05966344725525414,0.7898743901394294,0.36591838907740737,0.09501753083960174,0.5730859400138719
48824.42578125,-0.10458524450100902,0.8960108603645162,0.08681948539617323,0.09351976905161569,0.1420473393850088
49705.33203125,0.017881495738120444,0.889992860961245,0.18196063920708838,0.08301460766700146,-0.5102912881543595
47093.8515625,-0.053969759252051705,0.9197063445974456,-0.03145047488159364,0.07487952260579321,-0.15579308168209494
46339.76171875,-0.016142075456887308,0.921649925777273,-0.044335994670436495,0.06379000073404721,1.862373713920455
46188.453125,-0.0032705424799890207,0.9203780135876687,-0.03523014815704954,0.053333670372174936,-2.0339913125561324
45137.76953125,-0.02301047656676125,0.6940758558022803,-0.14054126262569638,0.04354580881729919,0.15192869889554217
49631.2421875,0.09490116032713884,0.7734317995977982,0.05776427345626431,0.03851545648485956,0.008336786146031727
48378.98828125,-0.025554925208490772,0.7684663429374315,-0.02812377964493251,0.03612292044644946,-0.1255890790571108
50538.2421875,0.043664727693901485,0.7499776131794722,-0.05672043854279039,0.035051652671288513,0.11306954449611695
48561.16796875,-0.0399061221991278,0.7643338757552692,-0.1042803767290691,0.03320016412818052,-0.016615707039921546
48927.3046875,0.007511420176535919,0.7637900994026982,-0.2670668435989228,0.030623715000588102,-0.07367691059529591
48912.3828125,-0.0003050270395783075,0.7545250849626626,-0.2778439787979049,0.028435136049480017,-0.3471600685055165
51206.69140625,0.0458396233606819,0.7687194226111843,-0.23701046723671879,0.028780888895482658,0.22739491049690486
52246.5234375,0.020103136515502152,0.7667565500019986,-0.08026638839516849,0.030718082179446726,0.11917886194323302
54824.1171875,0.048156840253235314,0.7579320341637468,0.27746397885280016,0.03456485322675619,0.04653250969727907
56008.55078125,0.021374179798027783,0.759477226559377,0.2874658487872773,0.039193004644390156,0.11812032284740681
57805.12109375,0.031573000390297756,0.715737020263039,0.5073561587087383,0.04408966602958018,-0.00917414262077898
57332.08984375,-0.008216872853115568,0.7165381953224355,0.5276940178838442,0.04811897096406391,-0.019249693969523918
61243.0859375,0.06599046126171279,0.7485942524492231,0.6122118114327109,0.052315458534653594,0.08564693219913977
59302.31640625,-0.03220259265928875,0.7239905753206042,0.5558942861884213,0.05668296518295827,-0.32350429996752084
55907.19921875,-0.05895520841682183,0.646815687206507,0.25739814705358754,0.056802405402393244,0.41404649227805024
56804.90234375,0.015929471547609108,0.6464080387349074,0.3506743994737189,0.05396612776258935,-0.1058229090730336
58870.89453125,0.03572418708035779,0.6123072132952615,0.34814427471867504,0.05281278075642354,0.008474721048450817
57858.921875,-0.017339151916613386,0.6130294747874934,0.40478908654876167,0.052319197939139986,-0.07783414675941813
58346.65234375,0.008394319050580128,0.6107969195289876,0.4079233818460813,0.05085630001870823,-0.12768339847892207
58313.64453125,-0.0005658791253751102,0.5989694061117693,0.406821492983521,0.04945609551158314,0.02610858962650653
57523.421875,-0.013643904139846409,0.5204236956943478,0.2923739163697451,0.04733332773494602,0.030923358627269693
54529.14453125,-0.05345688104443306,0.5522910854969941,0.09688783893660613,0.04266705229030955,0.08446535598392657
54738.9453125,0.0038401154329438564,0.5340436007164453,-0.00401912902570885,0.03665443277787588,-0.0015303429731048368
52774.265625,-0.036551757777657644,0.5305075955663098,-0.14720117110505895,0.029862764660173895,0.22347582723676496
51704.16015625,-0.020485432915556448,0.537424902504012,-0.28716612268121705,0.021959974712297665,-0.037060831557326424
55137.3125,0.06428841931989358,0.579779916028368,-0.09067256881903915,0.019064797455632193,-0.18257416685118955
55973.51171875,0.015051908974823298,0.5617324504612872,-0.24937965238107596,0.018578564353036266,-0.18112809313814537
55950.74609375,-0.0004068041327035923,0.5588628825056161,-0.1744453241299587,0.018183985642714454,0.00884734300342771
57750.19921875,0.03165502939331705,0.5442225839830556,0.10461448949536006,0.019597008529443377,0.1893166524389187
58917.69140625,0.020014609919984168,0.5436215833349252,0.11811967326731491,0.022090766512256943,-0.05734307484877732
58918.83203125,1.935944759335448e-05,0.5326930611900894,0.0030298002692185832,0.024098141821631294,0.1857444362992169
59095.80859375,0.0029992328786879927,0.5316186638696587,0.08253061961788291,0.0255594245820486,-0.06058402022134146
59384.3125,0.004870090844088338,0.4745041907897307,0.07017012306712474,0.02672852733808709,-0.048869788022471994
57603.890625,-0.030439981167968613,0.47303252948617447,-0.04292383976370033,0.02581961200219609,0.015434791477407117
58758.5546875,0.019846643132378484,0.42638484410640365,0.07308636974858927,0.025258723392071296,-0.1614440560515078
59057.87890625,0.005081207326213134,0.42357838717214974,0.3188198871390682,0.02520691533483545,0.17914204554585922
58192.359375,-0.01476389754962159,0.40779543209099955,0.23239040843028988,0.02416441153820194,0.08448654522035426
56048.9375,-0.037528870853164246,0.42474567993541906,0.21774328443913432,0.020598975795931222,0.13552178977394647
58323.953125,0.03978767570422682,0.44848683956437335,0.4075210708029778,0.019301289021994357,-0.35474781565871893
58245.00390625,-0.001354549836114697,0.44850832093231363,0.24109605396068404,0.018611354685035022,-0.12852296915799144
59793.234375,0.026234198096664975,0.4547818594221637,0.2808231629172599,0.019441873083110985,0.22176156931300994
60204.96484375,0.006862304387402612,0.40501958229310175,0.3040716361239777,0.020655635485062968,-0.22983078198950224
59893.453125,-0.005187618998143358,0.40661257022515557,0.17142051078703177,0.02117216057506118,0.11322846840800693
63503.45703125,0.05852714345026763,0.41916874802995535,0.3068342975069075,0.024578143279531426,0.3003150194783082
63109.6953125,-0.006219938149170958,0.4086722910624116,0.2732333860484104,0.027585945219762265,0.1013966972722713
63314.01171875,0.003232251116976691,0.35497183310212466,0.2745265328585579,0.029670172643017568,-0.2395298036914113
61572.7890625,-0.027886621874568536,0.37412131039989616,0.13012631484122764,0.029656490504174703,0.32417317194576967
60683.8203125,-0.014542926101405163,0.3800325101141584,0.19338225554599175,0.02790154261992745,-0.242543966237303
56216.18359375,-0.07647243109811933,0.4610751277459888,-0.13214252577255153,0.021584372122871575,0.3877781261207005
55724.265625,-0.008788979117796622,0.45466812204656687,-0.17155093479629044,0.014076900782384136,-0.3998542107398251
56473.03125,0.013347500558966063,0.45820659404341446,-0.08901308781113755,0.008838408295075612,0.03761055989093265
53906.08984375,-0.04651974554182734,0.4838655510123945,-0.10855922918036498,0.00120863876048337,-0.21129144697405877
51762.2734375,-0.040581883746807136,0.4987415950115822,-0.33464685363223823,-0.008628253254729571,0.30880160426463377
51093.65234375,-0.013001302685204313,0.49160056087500686,-0.3540720844613219,-0.01753301584269164,0.14729284683474475
50050.8671875,-0.020620437180110716,0.48431761919723154,-0.4947373140143577,-0.026388065420879726,-0.5699763603095818
49004.25390625,-0.02113272327896639,0.4838511804501435,-0.551029444154368,-0.03514183024390696,-0.060931943464726857
54021.75390625,0.09747970680195452,0.6137404500639699,-0.2345595595833653,-0.029926250453979147,0.2341441736809422
55033.1171875,0.01854831914865377,0.6049843765409711,-0.3775631999339575,-0.02607455539850908,-0.1644021792198309
54824.703125,-0.0037942553737364284,0.5855628526005153,-0.37237789678739036,-0.02358199297119426,-0.02971316982087302
53555.109375,-0.023429673825133245,0.5899200250255527,-0.41858262439769933,-0.023678366901559403,-0.040640161156769494
57750.17578125,0.07541518772096198,0.6466705880370759,-0.148347279644818,-0.01557716395609406,0.12825616819515773
57828.05078125,0.0013475723603123622,0.6459937300062176,-0.11442800865550282,-0.010278724059728437,-0.2014401072910168
56631.078125,-0.020916047590224387,0.6494220520278782,0.019131689703866785,-0.007840296571334626,-0.1151449899008945
57200.29296875,0.010001102205402288,0.6103091371444861,0.0678210963040307,-0.004820027021569939,0.3034680318437992
53333.5390625,-0.06999363622377694,0.652228977157635,-0.12617761166215744,-0.008421848602651138,0.2820660375484252
57424.0078125,0.07389708647447689,0.7142508916032727,0.13322894005711589,-0.004417051774923841,0.009819820626212561
56396.515625,-0.018055093557641698,0.7108957877213183,0.18325322725188173,-0.0031833983590957866,0.004063986684105458
57356.40234375,0.016877096781434925,0.7136877898979578,0.24482994526292898,-0.0007470711692978139,-0.01579161521932093
58803.77734375,0.024921619702789645,0.6639204814445215,0.3368500410703291,0.003064210219176594,-0.04560812909235423
58232.31640625,-0.009765628034028508,0.6641448724766701,0.3617509206076909,0.005276979686105695,0.007977969429461496
55859.796875,-0.041595541159714526,0.6803525108841273,0.08038865589883017,0.003833000853813283,0.08531781038733754
56704.57421875,0.015009957344289306,0.6599586754812129,0.0736393745561422,0.0036338503036095044,-0.1576409648512822
49150.53515625,-0.142967146773037,0.8274764558072506,-0.18886510248865362,-0.00824414954970954,0.2044392445583938
49716.19140625,0.011442928110092723,0.827945858818522,-0.1308444350519116,-0.016782675610670008,0.25147607730859534
49880.53515625,0.003300186759766157,0.8249162873748861,-0.31094439288043474,-0.023014861635603224,-0.5511790022146421
46760.1875,-0.06459870319528387,0.8534994398563241,-0.3903828017227832,-0.03484895430742552,0.05961021920849774
46456.05859375,-0.006525257090234029,0.7676953279749881,-0.37056039327901913,-0.04332087519494812,0.0793674533310913
43537.51171875,-0.0648839844864655,0.7869674879384798,-0.4583626662302873,-0.05793742796260917,0.15657166997847938
42909.40234375,-0.014531934084628221,0.786456820440234,-0.39233983018984786,-0.06859411211730694,-0.2875105557211448
37002.44140625,-0.14810707635188664,0.9226808675822121,-0.7194328944620935,-0.10028394133353677,0.810428018436447
40782.73828125,0.0972750161239599,0.9548878160868377,-0.501430794903491,-0.09729985257865967,-0.35858433476920837
37304.69140625,-0.08913981683679192,0.9848833912348403,-0.5957733506112155,-0.1180026899657514,-0.07318707158388094
37536.6328125,0.0061982374372439785,0.9899389275893605,-0.6555602261367475,-0.12450065546334074,-0.3577002348014737
34770.58203125,-0.07654564579833298,1.0020935832940583,-0.6773846037955216,-0.14533188069843178,0.3130588504124354
38705.98046875,0.10722243682664231,1.0898950053170842,-0.47388007557893247,-0.12864742593856823,-0.15266194315368153
38402.22265625,-0.007878782581024249,1.037816537686907,-0.5132801627300794,-0.12731167812405647,-0.1809164362050204
39294.19921875,0.022961565812768543,1.0490494587959307,-0.33992566750834413,-0.11939104662891283,-0.09052740517131141
38436.96875,-0.02205718107153495,1.0409205802584713,-0.3851254823799479,-0.11841260053285846,-0.17250698561307587
35697.60546875,-0.07393611150144239,1.0434651362189151,-0.4451340196907634,-0.12909626116975717,0.24487206206307732
34616.06640625,-0.030765691542153008,1.0420720669676842,-0.4072018082546805,-0.1353951968967868,-0.19918344337954252
35678.12890625,0.030219944078986264,1.0588675086231139,-0.3524355176449862,-0.12921519352487798,-0.3571686719129339
37332.85546875,0.04533591723246496,1.0783758304597333,-0.21163688981585665,-0.11693536309584515,0.20919980245177783
36684.92578125,-0.01750785357311659,0.9772305614573735,-0.2121695091500783,-0.113829044568326,-0.1188216827311841
37575.1796875,0.02397778870231388,0.9826634016523386,0.02354953776811527,-0.10401981636672791,-0.04633968557381607
39208.765625,0.042556616951370016,1.0015284849950523,-0.07098323988093667,-0.08988615913085014,0.06977371354356521
36894.40625,-0.06084038726712561,0.998998064213454,-0.019527925927845614,-0.09128056452635977,0.16521338437779676
35551.95703125,-0.03706474257477647,1.0027144170431515,-0.08972036388324782,-0.09320933543414311,-0.15124728201483606
35862.37890625,0.008693599850188834,0.9864670340870896,0.05551964600160602,-0.08947997880475074,-0.21808600626147978
33560.70703125,-0.06633285563534304,1.0067627648255912,-0.28535188322962485,-0.09755125358494929,0.15271450768095463
33472.6328125,-0.002627775063457771,0.869543461653357,-0.27670005624575567,-0.09842285597770278,0.3930410260886177
37345.12109375,0.10947410238213756,0.8894273110956735,-0.09372299869726533,-0.07937149720508799,0.07842032798249932
36702.59765625,-0.017354742993128305,0.8334592625020034,-0.08426865744216712,-0.07418563756555886,-0.21397512688667675
37334.3984375,0.017067578415986145,0.8355624514938883,0.08860035754881707,-0.06568468495415823,-0.11867449026591359
35552.515625,-0.048904195040405544,0.8073812258391159,0.04883894663357552,-0.06622767008330546,-0.020242620194590444
39097.859375,0.09505680129465752,0.7870745964404494,0.1579004325611082,-0.05034375206849554,0.0698787224441304
40218.4765625,0.02825878796632069,0.7924049866228403,0.13660777968586443,-0.03863667145379791,0.059188358779710626
40406.26953125,0.004658453327527578,0.788733387224558,0.18009465770659305,-0.029612415030218275,0.07307634985686917
38347.0625,-0.052307031596144006,0.8077430183184134,0.03535521612319172,-0.027828978493048412,-0.16876009811443637
38053.50390625,-0.007684760787668957,0.7602784777477155,-0.056375704090376504,-0.02567594246644581,-0.05544630709046672
35787.24609375,-0.06140159139173661,0.7857785946350054,-0.054155512172183645,-0.030069872447320976,-0.024443580548375365
35615.87109375,-0.004800219817294286,0.7786997375317113,0.0033162460718720865,-0.03243315956931176,-0.1484322369595752
35698.296875,0.0023116253137915738,0.7601687685813022,-0.008615482442512671,-0.033539531853684426,0.1611448840881522
31676.693359375,-0.119521795848678,0.8661999676711969,-0.09073046483028051,-0.048537568977951924,0.3648860855263436
32505.66015625,0.025833047609393114,0.8671141583197888,-0.04496325127367797,-0.05292624689183363,0.11025071429845568
33723.02734375,0.03676667515561315,0.8629370254562533,-0.19214614824923898,-0.051803685943356215,-0.24142165979643693
34662.4375,0.027475699857643344,0.8473845916657553,-0.10654907964849172,-0.048264070856345216,-0.3352723973746272
31637.779296875,-0.09130465397426267,0.8966428439825281,-0.26446126699326755,-0.058068881786377535,0.19439644344419804
32186.27734375,0.01718823840092292,0.8989720256616855,-0.16576671508917826,-0.05906684057811936,-0.04176187078566329
34649.64453125,0.0737472744793095,0.9104977723903526,-0.23137531552625745,-0.050017490866715454,-0.08301303609392363
34434.3359375,-0.006233262455755746,0.9108095332742899,-0.315731700769515,-0.04643178850942337,-0.046666103460335506
35867.77734375,0.040785121124139886,0.831946285945427,-0.23196467625032624,-0.03794783655576946,0.11179518315645964
35040.8359375,-0.02332520296585249,0.8336742108948253,-0.1803411420698079,-0.03496760599787198,-0.10689426018577208
33572.1171875,-0.04281824560087459,0.842263240310788,-0.2297164574100634,-0.03640191221813863,0.10524380771770936
33897.046875,0.00963202091343982,0.827581852477895,-0.10759936004695944,-0.03480335793216689,0.02324884393920712
34668.546875,0.022504948021345134,0.7507908350927137,-0.052144938057574135,-0.030908593922782914,-0.46266254295967
35287.78125,0.017703918010918158,0.7453156774154355,-0.021948076637209653,-0.026218549841936542,0.021918065169320045
33746.00390625,-0.04467475626166748,0.7559807956835782,0.1275453248821141,-0.02735052585086187,0.06962696760869491
34235.1953125,0.014392210079461632,0.7422601241334287,0.10888300979351172,-0.025461718065434687,-0.008278242086664278
33855.328125,-0.011157826650301255,0.742487428425939,0.008792593537017978,-0.025162246533200656,-0.06650881616229753
32877.37109375,-0.029311778537964177,0.7190071200092346,-0.11833080433563083,-0.0275162062562687,0.1875226859329331
33798.01171875,0.02761736344787324,0.7278263052387285,0.16641016431091132,-0.02551229641666139,-0.08634935782311359
33520.51953125,-0.0082442012335933,0.7278422560679926,0.10497274922611695,-0.025099810600994102,-0.1775862111778892
34240.1875,0.021242252673874872,0.5872651742945829,-0.03733650298810346,-0.022137193168479216,-0.1331165570835644
33155.84765625,-0.032180926347831006,0.5945759594414042,-0.10801966641307573,-0.023239334216142375,0.1902066959819848
32702.025390625,-0.013782086425800635,0.5811576164383697,-0.29161096182434787,-0.0247007538216539,-0.24058100229615675
32822.34765625,0.0036725998364308425,0.5714579502708311,-0.2185818828232125,-0.02492635430351868,0.1115139363235933
31780.73046875,-0.032249468356842406,0.4814032284113365,-0.18425432035258468,-0.02832030087309283,-0.0035619633342705015
31421.5390625,-0.01136653085848622,0.4787214730769529,-0.25372593532306653,-0.03127160089447289,0.10672129244406392
31533.068359375,0.003543169217346287,0.38948613188844167,-0.34468495337010696,-0.03257508796378828,-0.22655463762794525
31796.810546875,0.008329203113175575,0.3921530709515833,-0.3993716418450191,-0.032373781823144744,-0.005680680778677782
30817.83203125,-0.031272502988710885,0.365559160610284,-0.35803903213654936,-0.03561131511578699,0.08402115969737878
29807.34765625,-0.033338555734212405,0.37293046183399686,-0.5089683450971231,-0.04089275953091307,0.12468111048603348
32110.693359375,0.07443417235693212,0.45197658440838434,-0.16422981029197742,-0.03476778206143307,0.1975092973474517
32313.10546875,0.006283788882169604,0.45096669588406096,-0.0572998934676194,-0.031171620973892058,-0.36618642971718884
33581.55078125,0.038503942271904575,0.4660070797924355,-0.021231254946352605,-0.02409233614213725,0.14258300572181426
34292.4453125,0.020948244356669858,0.4679272355247658,0.07262591183866235,-0.017142211347081233,-0.04014127730010841
35350.1875,0.030378619797658737,0.45148360353727907,0.10121395480297267,-0.009150121463845001,-0.03800999063220445
37337.53515625,0.05469542869161192,0.487040418206484,0.35229414798476627,0.0012294736853153884,0.894584851787716
39406.94140625,0.0539428534880362,0.5136635690676693,0.4971959814778333,0.01268433858860556,-0.3741331710798228
39995.90625,0.01483512651645551,0.49516699234768624,0.5140824410233705,0.022422117606387522,0.09777552007917123
40008.421875,0.00031287370059631146,0.49160851042164505,0.6365718689377857,0.02995783835790105,-0.35389335832737956
42235.546875,0.0541722306526184,0.5129831894366114,0.7310252387549798,0.03785913178251649,0.19670230047128
41626.1953125,-0.014532545375150554,0.5196969808764507,0.6600803155655864,0.04434469700232024,-0.24822590659893606
39974.89453125,-0.04047804375571393,0.5293247115449019,0.49034235486752265,0.04719405800926584,0.03374567176078713
39201.9453125,-0.01952524946480863,0.5330333498681867,0.5089830100383855,0.04681623023960163,-0.04182305174451528
38152.98046875,-0.0271224912051319,0.5481588428772081,0.5054661305138134,0.044308716904197784,0.02296379417776606
39747.50390625,0.04094316463847637,0.5392175347134743,0.4832829970964656,0.04239293081070266,-0.031702802189343515
40869.5546875,0.027838357371246687,0.5354157319055223,0.5117009384965912,0.04284394027346359,0.32695235448445104
42816.5,0.04653814062641624,0.546819490383656,0.5307417058120771,0.04526477282767953,0.08290781190418173
44555.80078125,0.03981881145877593,0.5528902761790239,0.5569287785246305,0.04940551755208915,0.046122161278351115
43798.1171875,-0.017151523902089738,0.5386719457294981,0.46600449310399,0.0530160547249701,-0.09775956247456463
46365.40234375,0.056962712090068326,0.5205342543449378,0.4825577292135048,0.055966424117650175,0.06482866045118385
45585.03125,-0.01697414139260822,0.4993140520548937,0.3546685850224884,0.05960059067076812,-0.14380159504579737
45593.63671875,0.0001887605723412682,0.5015966323853644,0.3324270775204204,0.06102156223447754,0.0228015846187013
44428.2890625,-0.025891753544200504,0.5171877525646916,0.24566002488879604,0.06096763918245566,-0.01752129113896217
47793.3203125,0.07300947971891747,0.5578855357279862,0.29053096805683654,0.06044075182180355,-0.060486599477766134
47096.9453125,-0.014677743757973101,0.5659902506327255,0.2846867679524837,0.062449926297013916,-0.016929954036182693
47047.00390625,-0.0010609584864258955,0.5475738348572223,0.4014736771033142,0.06259399638483333,-0.007150991156859021
46004.484375,-0.02240830692116523,0.5361388928910887,0.38035000630124244,0.06153755093287246,0.056092323492663354
44695.359375,-0.02886919903458737,0.5507141778602953,0.36055888004216824,0.05828581772194955,0.02036923579855099
44801.1875,0.002364966650012081,0.5505032545236239,0.3034077298865759,0.0537234528611734,-0.03830859847537127
46717.578125,0.04188585333234935,0.5377213326050662,0.3351158796792737,0.05088043992194976,0.14464075387856568
49339.17578125,0.05459790698385328,0.5598775437022818,0.35986377887543936,0.05139233411235995,-0.06948709992396473
48905.4921875,-0.008828701235467067,0.5338215680651722,0.25860564600954544,0.053091323656257176,0.1564660223601102
49321.65234375,0.008473475397263706,0.5223539455512257,0.3352013246505271,0.053682362913681676,-0.4697977800107829
49546.1484375,0.0045413466832814305,0.5030523286090945,0.225018729187816,0.05400193198540263,0.3016868630650791
47706.1171875,-0.03784489433094968,0.522506251900156,0.13958982547329782,0.052826783659904474,0.030321610417477274
48960.7890625,0.02596012195042943,0.5216559356148391,0.20479968028982554,0.05044353835544249,-0.07988123685171189
46942.21875,-0.0421022974523753,0.5319170112223567,0.14536072414040418,0.04774152698178915,0.0006185497137103368
49058.66796875,0.04409943030226678,0.5358784213348546,0.07885830024608055,0.04495099440215107,0.054928739478857125
48902.40234375,-0.0031903644385737097,0.530553511730289,0.116438050740814,0.04375134876592318,-0.18898951506250583
48829.83203125,-0.0014850847584068098,0.49473295291588815,0.11481110668485726,0.042144488174981086,-0.09844754554223556
47054.984375,-0.03702463994727715,0.5101287631974035,0.06460366450378913,0.038867547037691276,0.2071001221461053
47166.6875,0.002371071858731938,0.5101082508852645,0.16406323743872975,0.034718722366396476,0.08667092468980186
48847.02734375,0.03500565378801719,0.5122232585040969,0.24317189489831578,0.03281746617318949,0.11951527885027957
49327.72265625,0.00979272478817146,0.44524892373930597,0.17169651668241542,0.032356226283910515,0.009375353003086673
50025.375,0.014044128006187486,0.44300606160953876,0.05167887883198148,0.032544630488875494,0.08947856884213579
49944.625,-0.0016154849967335088,0.44307811609970227,0.0803958593377034,0.032598750138621825,-0.14240748338572473
51753.41015625,0.035575435016673145,0.44678667268764555,0.16984124904322542,0.033890084744691865,-0.2116802223854215
52633.53515625,0.0168631403802205,0.4287269035418876,0.20619064202326,0.03615007985231626,0.2486897402680306
46811.12890625,-0.11723249529729855,0.6184344489527687,-0.04721440240174843,0.03275124080442471,0.51702818038709
46091.390625,-0.015494793572991005,0.6029367949587353,-0.15576864762344428,0.025355624288237847,-0.2856350429564323
46391.421875,0.006488390533953229,0.567590200469855,-0.0329771897951025,0.01926556152640964,-0.23684589049183202
44883.91015625,-0.03303518664446581,0.5772632191224296,-0.259407716086091,0.012207529472006387,0.012386800023975297
45201.45703125,0.0070499394103558715,0.5768677268567728,-0.22768458360313035,0.006549688312611802,-0.12656506469114603
46063.26953125,0.01888655452823882,0.5820284347527745,-0.16231937203461244,0.0035624720374721063,-0.21297394071546805
44963.07421875,-0.024174296052118335,0.5733321191822819,-0.12779477771982556,-0.0006432041251115759,0.38485809866339693
47092.4921875,0.046272006777909304,0.5911774413988814,-0.004035203193256649,-0.00021126288948927456,-0.058236231047082754
48176.34765625,0.022754601314508963,0.5774122929369226,-0.03769870459353783,0.0018990569518621454,-0.23738423362713235
47783.359375,-0.0081907394359386,0.5554166209619803,-0.08723828152183444,0.002900008441671191,0.041124579216941015
47267.51953125,-0.010854079709278335,0.5564247432929843,-0.15740282255654292,0.0028080883521244956,-0.10048052963340837
48278.36328125,0.02116012615402399,0.5623157816134673,-0.09030691560580095,0.004293429842820491,-0.005308018905292755
47260.21875,-0.021314594702563614,0.5514673002169329,-0.254421015175526,0.0038532398506347224,-0.057913579068966214
42843.80078125,-0.09810793836995628,0.652369882349177,-0.4618507259403134,-0.004481418710094895,0.4874978758327764
40693.67578125,-0.051488267863326775,0.6546039287860087,-0.34908066043891495,-0.01608200444153104,0.10356284433231622
43574.5078125,0.06839960199678301,0.7079574190468031,-0.12785424915453134,-0.017888313834136447,-0.24444543676137798
44895.09765625,0.02985630902322461,0.7161323135999091,-0.07226482507781412,-0.016999853538960975,-0.1077427284291943
42839.75,-0.04686219528987527,0.7308123120930661,-0.09617786247384316,-0.021142260131453667,0.22394372429865328
42716.59375,-0.002878952738409655,0.7131645253481553,-0.11799213874773941,-0.023805552059834718,-0.3041505836001477
43208.5390625,0.011450682044497961,0.7107559844639586,-0.13797834558578742,-0.024373736998827833,-0.030307657419776035
42235.73046875,-0.022771582829569807,0.5904010024536719,-0.13263798758633938,-0.02716100215333451,0.010344041328924192
41034.54296875,-0.028852332947741827,0.5953902048598646,-0.30854252361810697,-0.03176758633119734,-0.025006250733909496
41564.36328125,0.012828924814572349,0.5975488476132997,-0.3465392102235853,-0.032936544160279094,0.012740604816862344
43790.89453125,0.05218276011816411,0.6215374029871843,-0.19090289489713883,-0.0280200709120219,0.017470049604874305
48116.94140625,0.09420841893127979,0.7079373253956496,0.0343564493410841,-0.01572666130567799,0.31917344099651856
47711.48828125,-0.008462113921141138,0.7065162672681917,-0.023503833307257055,-0.00863453306720815,-0.33625187896926434
48199.953125,0.010185835179136425,0.7002894159179855,0.039838283442920355,-0.002037359293730175,-0.13912562078207813
49112.90234375,0.018763728593427256,0.6846252015158051,0.3121245254026437,0.00451152806885333,0.22570885278042496
51514.8125,0.047747610534684515,0.7001967032330944,0.5320899766580283,0.012834956983205997,0.07195815897069124
55361.44921875,0.07201410137731079,0.739442635294641,0.5533035581078471,0.02357124529702891,0.31251869630769846
53805.984375,-0.028498794333346032,0.7478124577891123,0.4137339337483874,0.031043859705310373,-0.2868174054320747
53967.84765625,0.0030037607441677503,0.745859177062565,0.5664815044853239,0.03614207436459952,-0.05606892132009378
54968.22265625,0.01836679291081593,0.7401668845330408,0.5970155475495565,0.04052497867327167,-0.06867286448631305
54771.578125,-0.003583836316874845,0.628880392114813,0.5716874189716578,0.04388400332189585,0.19603439390477106
57484.7890625,0.04834896270757248,0.5934651869970818,0.6941942466059078,0.04750026668822949,0.07572617181304864
56041.05859375,-0.02543576350608531,0.5795548214013769,0.6756921518204888,0.05068446280022204,-0.03711731644521521
57401.09765625,0.023978814816483514,0.5776033533706552,0.6873785406842725,0.0523093440226858,0.0145105423662919
57321.5234375,-0.0013872457018979745,0.5369652875712717,0.6476351537579518,0.05389127739963885,-0.12964382093425897
61593.94921875,0.0718874583745788,0.5693669065618988,0.6467284681104007,0.05621542639191331,0.34652594865050546
60892.1796875,-0.011458884632588321,0.5787515985361293,0.6236411102224457,0.06010031740535451,-0.41329083687503854
61553.6171875,0.010803865067540788,0.5599991828047901,0.6266962867473859,0.062143034745784975,-0.16530338855641702
62026.078125,0.007646292349290159,0.5331203768412285,0.618816302444489,0.06366488885935634,0.27063592301635353
64261.9921875,0.03541344366049976,0.5347470454082447,0.6157597673373766,0.06503384210180667,0.061543268074036206
65992.8359375,0.026577834542035658,0.5230388913385751,0.5720180506078262,0.06743310497880338,0.007820828489879972
62210.171875,-0.059027668390729156,0.519470239243177,0.40379601344071486,0.06927933177702254,0.11823068933239611
60692.265625,-0.02470225108270476,0.5313671536311707,0.30332532606035867,0.06639752262658485,-0.17769739937652318
61393.6171875,0.011489604888576206,0.5313272197725535,0.29379984291990524,0.06222825881282758,-0.357467408492564
60930.8359375,-0.007566491344887265,0.5351522092715503,0.2782448219774867,0.058687935143160286,0.016002113038478427
63039.82421875,0.03402727333400422,0.5246958796835478,0.2579911007629697,0.05570799637235469,0.12859959557634681
60363.79296875,-0.04337718610106227,0.5035351986139924,0.18989188060559656,0.05314645737668848,0.11580500394543947
58482.38671875,-0.03166384386368273,0.5063889148004467,0.046436044872658615,0.04759614645367932,0.22448145500636585
60622.13671875,0.03593449158802419,0.5187267325127217,0.1302236400391483,0.04272127341086121,0.03599379646283296
62227.96484375,0.026144375505153635,0.5219477630711792,0.02795590246319449,0.04076457357594709,-0.2053168417356197
61888.83203125,-0.0054647503804892625,0.5224579590523296,0.0446598937134614,0.0394107705749015,-0.13638300750094245
61318.95703125,-0.009250698649359285,0.5002259344630752,-0.010558418786660013,0.03733520126776271,0.0025857910299365017
61004.40625,-0.005142950065019365,0.48988252738397553,-0.04629858113973455,0.03476573677957306,0.11444765923002365
63226.40234375,0.0357758773484733,0.49791003003088463,-0.046958912219909055,0.033877259313386233,0.04320434980238019
62970.046875,-0.004062805617150114,0.49844363713055767,-0.14688980484342537,0.03356498569856709,-0.04391943043281543
61452.23046875,-0.02439903425460908,0.4400617860893783,-0.041386422663607335,0.03167033138245322,-0.10217944260379497
61125.67578125,-0.005328129187967981,0.43850105486969576,0.0253124387512014,0.028905173796014802,-0.06363152986040177
61527.48046875,0.006551908440948538,0.43739456030417145,0.00795721968996247,0.026626127350067804,-0.050602664386392604
63326.98828125,0.028827681539784322,0.4486369540905563,0.13194963836474882,0.02625037200883469,-0.16267824971490796
67566.828125,0.06480556096155835,0.4888370470808996,0.2231100877695428,0.029608165667422016,0.5087451736289488
66971.828125,-0.008845099182201409,0.48182407178904,0.36289106919285075,0.03277822458752486,0.029526108616661162
64995.23046875,-0.02995816542044536,0.4435284563849983,0.3558034818653533,0.03331100974214828,0.14015474623881374
64949.9609375,-0.0006967481072823624,0.4322663366939869,0.2669827145485549,0.03253492625784203,-0.3061141702940908
64155.94140625,-0.012300437518712916,0.43459640141235284,0.12520693966713922,0.03094095977825679,0.005676640126793586
64469.52734375,0.00487596370827555,0.43312938444883237,0.16787441269648895,0.029270886948952978,-0.16899295757077581
65466.83984375,0.015351084638069591,0.4201628893881508,0.262520723851776,0.028539313100095155,-0.19313374230685199
63557.87109375,-0.029592905846716044,0.40296349650465935,0.14679616664152972,0.02643499355046584,0.19590387766592698
60161.24609375,-0.05492245425158357,0.4362588483516981,-0.16506616909877592,0.020654126028051285,0.42717859251362
60368.01171875,0.00343096492223367,0.41697826779319647,-0.14050117749200425,0.014943063857052201,-0.17870470211974165
56942.13671875,-0.058423750403308876,0.45261772089884,-0.22078295087366442,0.006177221991549014,0.054873773151030036
58119.578125,0.02046697304630566,0.4611179425206428,-0.14127319372917482,0.00018041318203890075,-0.06709735278371198
59697.1953125,0.02678245961804076,0.4723880372103659,-0.08151110940039814,-0.0021969552011954336,-0.23410915032100377
58730.4765625,-0.016326255638854346,0.4752413979301525,-0.21258851855901384,-0.0054102106466572914,-0.1589593773964353
56289.2890625,-0.042454514477448545,0.474113913086206,-0.5689122711907677,-0.011637245848808268,0.2935462935228479
57569.07421875,0.022481248103212805,0.4846572467155753,-0.4584971511405848,-0.014066039535865868,0.06758271837438556
56280.42578125,-0.02263871996463873,0.4837372737948571,-0.43970149830683253,-0.01820447487736382,-0.022942759873870955
57274.6796875,0.01751183816078035,0.4899079260019393,-0.36955816021071913,-0.0192379294009584,-0.06634029177350342
53569.765625,-0.06687380102128215,0.537440359163499,-0.4470570205953078,-0.02698151887506708,0.1984741939855219
54815.078125,0.02298046960742265,0.5326607926962509,-0.39227508819055257,-0.02916609577820677,-0.3134334104801333
57248.45703125,0.043435386277887976,0.4986521748689727,-0.31551531922676873,-0.02631601798898411,-0.0833496966388978
57806.56640625,0.009701684218223901,0.5027057072564113,-0.2328780903563671,-0.02374526540420741,0.14088769472768448
57005.42578125,-0.013955922421075117,0.4963329601501039,-0.1427898790664375,-0.023085100105360787,0.1257528848635623
57229.828125,0.003928780734843055,0.49732806250813044,-0.14187865977727057,-0.021644118862304617,0.004067076879714193
56477.81640625,-0.013227302108743101,0.4974865712137159,-0.023878744055723048,-0.021672408731956135,-0.12953800912537616
53598.24609375,-0.05233158566534184,0.5212081398441551,-0.2138043776472557,-0.026647705006803767,0.20605388416677073
49200.703125,-0.08560843085516442,0.5781410514751449,-0.43795645897205304,-0.03908130171489849,0.4335826766132165
49368.84765625,0.003411696472447897,0.5784181602392061,-0.40406881611579337,-0.046081192386090715,-0.5009161377317461
50582.625,0.024288526851428814,0.5698808323347293,-0.2600914313188959,-0.048003113438081904,0.01359351762540939
50700.0859375,0.002319467736866812,0.5695813511910113,-0.3305788557608366,-0.0495279299015027,-0.11304430784601394
50504.796875,-0.0038592862213869153,0.5385213714320499,-0.2933979357673195,-0.05074804200372637,-0.16761808066600992
47672.12109375,-0.057721555808476536,0.5586986299355197,-0.4461382104635325,-0.05874462279725947,0.038703673772886305
47243.3046875,-0.009035819421615396,0.5417092587773685,-0.3467003639648925,-0.06326439632609851,0.04499478669816881
49362.5078125,0.04388024071672512,0.5759611275561062,-0.28515355120224456,-0.05942290988437465,-0.18345123949494635
50098.3359375,0.014796607838164322,0.5672308204798634,-0.4103611291692306,-0.05584240518508076,-0.16116268753849994
46737.48046875,-0.06944137030817533,0.5993286309175638,-0.5472506971781266,-0.06263820999434648,0.38265655267743526
46612.6328125,-0.002674827620426481,0.5981195631530307,-0.5315890858388809,-0.0644879755219802,0.07403659852539946
48896.72265625,0.04783877809998121,0.625303278520891,-0.3856113737296428,-0.05830489065613242,0.053488373319904525
47665.42578125,-0.025504064198459072,0.5897962315211421,-0.39894208300955003,-0.0586417699575533,-0.29273820211869506
46202.14453125,-0.031180093256039692,0.5860168582816114,-0.35776435118821664,-0.06139096854783358,0.18783610191392341
46848.77734375,0.01389869565630835,0.5600714764111934,-0.13898464088311768,-0.05944176887389076,-0.23168559306754588
46707.015625,-0.0030305301841360094,0.5559321714028432,-0.1575438538964768,-0.05831895455316292,-0.0368508271387924
46880.27734375,0.003702680378992096,0.5580733902428833,-0.23350850970519532,-0.05612917215072223,0.20773841422943562
48936.61328125,0.042928792887466996,0.5871882167397862,-0.09910392468047462,-0.04832399984388918,-0.13485593987016387
48628.51171875,-0.006315834406489169,0.5868576496417602,-0.10477949317362018,-0.044287086078632826,-0.10135396834804666
50784.5390625,0.043381939329586325,0.5881848323770502,0.18063590136985525,-0.03527871556757158,0.14362078419110702
50822.1953125,0.0007412156675569818,0.49999672082593827,0.21253354921361847,-0.02921110573652372,-0.1469011668642679
50429.859375,-0.0077497271989944395,0.5010352278780805,0.07062794409195221,-0.02495332652523683,-0.24721630885047574
50809.515625,0.007500204929835927,0.49421107709837925,0.04819550758064494,-0.02040089799928535,0.09677358430565164
50640.41796875,-0.003333620966693561,0.4943005071113782,0.3374963941520548,-0.017070072096168072,0.148653262177465
47588.85546875,-0.062151426511976506,0.5413168543591649,0.0673670607470872,-0.020239168068650098,0.3179872423113288
46444.7109375,-0.024336011956341844,0.5085107517439441,-0.18365543705387607,-0.02413193500869363,-0.10662806063279362
47178.125,0.01566773871313257,0.5110832146759434,-0.03791259338333518,-0.024863869329315787,-0.11867943053802321
46306.4453125,-0.018649172756865187,0.4874152061857713,0.00850624738613277,-0.027428568278277672,0.3260621426588628
47686.8125,0.02937373314776973,0.49720029390977355,0.06448704964521668,-0.025617085080274337,-0.4081780243792892
47345.21875,-0.007189054400021723,0.43062807851479357,0.04836618332921645,-0.025280469211612172,0.1284317522848326
46458.1171875,-0.018914636695763702,0.43611248412613907,-0.030351420212903976,-0.02657647532076386,0.16820241207859965
45897.57421875,-0.012138934663861074,0.39893027159201755,-0.24482157468281998,-0.028213706549336443,0.2507030766812477
43569.00390625,-0.05206628845481275,0.42869037690928186,-0.350533147144084,-0.03472975957887931,-0.142493784254345
43160.9296875,-0.009410297303589778,0.4175354229532594,-0.6009562860083133,-0.03937368547032013,-0.19877666954848294
41557.90234375,-0.037847988650375176,0.42932952852834116,-0.6500725406586855,-0.04701508871449016,1.0250462411671535
41733.94140625,0.004227048332596754,0.43076399903751833,-0.6195937184400444,-0.05072345692396115,-1.0985830715638194
41911.6015625,0.004247935206112907,0.4309249799338113,-0.6432440156185859,-0.05264251896192485,-0.2761281646533291
41821.26171875,-0.002157811766201214,0.39149463232463916,-0.6412011857849549,-0.054002950412322344,0.41054447629867497
42735.85546875,0.021633410637439378,0.40528085046534507,-0.4177445115891001,-0.05149363970717385,-0.19836819381582416
43949.1015625,0.027993907251911834,0.38326472082721985,-0.21355091454573555,-0.046268105892911714,0.24092393270226609
42591.5703125,-0.03137582795207003,0.3912792662290254,-0.3725765948106769,-0.04666598950812405,0.35320192462588906
43099.69921875,0.011859664695822615,0.3981311820680886,-0.26841846269394454,-0.043816072614262964,-0.7044567630049698
43177.3984375,0.0018011556222094572,0.39572288540228373,-0.42365193317802124,-0.041296691165110304,-0.24949647697914656
43113.87890625,-0.0014722123644015362,0.396077640815905,-0.4081911584406052,-0.03908883492627004,-0.025874389241757
42250.55078125,-0.02022757169904886,0.34475018903213617,-0.4068307908778985,-0.03924923421992414,0.19197511016167468
42375.6328125,0.002956109256612036,0.3390081425171051,-0.3555060404617464,-0.03795331425059068,0.03293591875871016
41744.328125,-0.01500991044287061,0.3321205852214019,-0.22226192647012966,-0.03835609720640021,0.02963752481498716
40680.41796875,-0.02581674309560386,0.3366509683926466,-0.27979661122639643,-0.04085932059000541,-0.12481263416652055
36457.31640625,-0.10960468291543993,0.47385349708342633,-0.44408975460191047,-0.0556247490874849,0.7468251376286759
35030.25,-0.039930188839646726,0.4823148623975578,-0.5263365318816065,-0.06866119676762708,-0.07976548642243841
36276.8046875,0.034966573781181565,0.5135195110185513,-0.40815871500216505,-0.07095349709945081,-0.4229257929594432
36654.328125,0.010352967106698903,0.5198206338965385,-0.36664187712311674,-0.07220775587022922,0.4754632086680175
36954.00390625,0.008142486826951165,0.5006913206274611,-0.42899483057640025,-0.07170170461102754,-0.45981966240188754
36852.12109375,-0.0027608244495656064,0.5010402783777208,-0.5738964392653526,-0.07136357061787013,0.16997244045491655
37138.234375,0.007733837890785913,0.4909288418929472,-0.48281440862313846,-0.06897523531056451,-0.2238721499663292
37784.33203125,0.017247505090414967,0.49653696485974835,-0.4649201930356912,-0.06424328356311046,-0.11869163500321278
38138.1796875,0.00932135173920975,0.49811038222890514,-0.4303711151939032,-0.059424302939237235,-0.25726875028389884
37917.6015625,-0.005800446457155093,0.4980299423105529,-0.4379106913721424,-0.0562251014933275,-0.1605712740765597
38483.125,0.014804408066392667,0.4937763075652008,-0.3256691344766267,-0.05085872583645389,0.3478102353398391
38743.2734375,0.006737318502634114,0.4803837019463622,-0.3103697799720155,-0.04587269243575594,-0.02175585534901714
36952.984375,-0.04731073995912287,0.4945358834540703,-0.3725102892724655,-0.047596631598664084,-0.057480572528639584
37154.6015625,0.005441215831991581,0.49178928443563763,-0.2938175556437278,-0.045977569337170246,-0.029867309520792418
41500.875,0.11062688345744714,0.6462988632294533,0.4160256507169882,-0.03138457782418225,0.45870356398476986
41441.1640625,-0.0014398234837348135,0.6462992110575491,0.596040521585592,-0.023514789703689802,-0.40318774778883437
42412.43359375,0.02316687651757865,0.6484003842337563,0.5854300059310674,-0.01482841566063866,-0.19679157261818148
43840.28515625,0.033111582709537346,0.6588570272410953,0.6231924807681224,-0.00540810555513603,0.5734385411073397
44118.4453125,0.006324808965338507,0.6560271630540223,0.6224880760949218,0.0021482403442968463,0.14404155603961044
44338.796875,0.00498211368199733,0.6472807043731055,0.6438582670354447,0.00837386021833411,-0.3527824718460302
43565.11328125,-0.01760339378138894,0.4976229514682702,0.5304717683892011,0.011981516646344626,0.32403687013025717
42407.9375,-0.026921126055171853,0.4826060007887121,0.36618323530472024,0.012775408797141815,-0.1759990407411003
42244.46875,-0.00386212183286643,0.47511357401555415,0.33019102020652014,0.012737270903728143,-0.3953638062113036
42197.515625,-0.001112080209543203,0.47597939130553496,0.3490252593346099,0.01244867770991798,-0.20812956534877713
42586.91796875,0.009185768314632001,0.4760258024949725,0.3395393242547823,0.012688654338509894,0.345615133267426
44575.203125,0.045630604487240684,0.4934133159371765,0.42216026533193174,0.015807604990769043,0.0870307956385652
43961.859375,-0.01385529504989858,0.5003483422677854,0.5546072405592841,0.017659866426093365,-0.13801312689960454
40538.01171875,-0.08108233071910446,0.5909193547506214,0.21333276519253686,0.013581994530267717,0.28223336411825173
40030.9765625,-0.012586526423760572,0.5931780227959114,-0.12228223958844453,0.008168105248610285,-0.11865606646813731
40122.15625,0.002275138191892225,0.5923854536529148,-0.10944299349496277,0.003871469521198422,-0.5288220475429881
38431.37890625,-0.043054421746525254,0.6121405775461163,-0.31171356669708955,-0.003013042915261561,0.2890551617461945
37075.28125,-0.03592381094835431,0.6244576549882621,-0.5326874673819694,-0.011734935524441553,0.46780254799928755
38286.02734375,0.03213453434150656,0.6118886131822475,-0.4278366511696262,-0.015245322132055277,-0.1385086394773225
37296.5703125,-0.026183634615420347,0.6196218180939237,-0.488994166175265,-0.020709465240421405,-0.15425127267665673
38332.609375,0.027399579951549815,0.47686179270555296,-0.3568311651701617,-0.021621067657321517,0.7527917718424533
39214.21875,0.022738450595305906,0.48619561915259485,-0.22196726385961982,-0.020227539839339503,-0.5580863282201172
39105.1484375,-0.0027852723260769346,0.4764690906819994,-0.21901454818142113,-0.019562353442608038,-0.41851886692566964
37709.78515625,-0.036334517924426976,0.46831094157635705,-0.28616616563397146,-0.0224205330355921,0.29453082645883555
43193.234375,0.13576425730332167,0.6913752160847783,0.02918307799303207,-0.010683852879345061,0.41999499591427636
44354.63671875,0.026533380332524757,0.6980729255040405,-0.011056282781480747,-0.0014137520350977382,-0.09427573909097475
43924.1171875,-0.009753715935407227,0.6959978723880554,-0.001909392590199559,0.004919539106615595,-0.107004986200252
42451.7890625,-0.03409447865241336,0.7001871891477272,0.10742460682991407,0.0074107754158889245,-0.15600390987439283
39137.60546875,-0.0812852755652355,0.7575148899423026,-0.04332079566666792,0.0031637015442497174,0.13288855411075318
39400.5859375,0.0066969062286334315,0.7583917068421565,-0.03470085117504766,-0.00015444238273881197,-0.5186791324845643
38419.984375,-0.025202937052357023,0.7606255546455447,-0.0005673480293691568,-0.0048416907639794275,0.1511162191055
38062.0390625,-0.0093603152707349,0.7366015792434816,0.051701433780434056,-0.009285489701982555,0.3686099100322693
38737.26953125,0.01758473821596099,0.7416659477675576,0.024325488753117526,-0.011015020619393212,-0.10205538568589745
41982.92578125,0.08046083301385845,0.7473545065055458,0.2252364762602079,-0.0052478364191926065,0.22510903790266923
39437.4609375,-0.06254685680053026,0.780378105724268,0.04950982399357244,-0.00657187570876051,-0.03807324491879527
38794.97265625,-0.016425482290646415,0.7822386341690959,-0.01899044718863621,-0.008710455059964607,-0.16446903715628736
38904.01171875,0.002806706804667275,0.7668555051532508,-0.009110834186129181,-0.009949268849939595,-0.5898855666538907
37849.6640625,-0.027475269974984843,0.7620885278429215,0.006435463930460088,-0.0133493013635986,0.16860193033957316
39666.75390625,0.04689129940953424,0.7718140741626787,-0.1951644441432218,-0.011272977608102846,0.34063824861148717
39338.78515625,-0.00830247189817811,0.7658106546396786,-0.29101282393554184,-0.010745276415845719,-0.016087752288427737
41143.9296875,0.044865467674200424,0.7757377966894771,-0.14938836508989525,-0.006191141676534954,0.503956125177897
40951.37890625,-0.004690916877794194,0.772838473797355,-0.08657532011889515,-0.003310714466466896,-0.5877774321160629
41801.15625,0.020538517974936225,0.7752867637807165,0.1791672064063107,0.0006484519772714038,0.4472044843237981
42190.65234375,0.009274687432012266,0.7611096953645458,0.1860937423762212,0.004392615547277353,-0.5598503156388617
41247.82421875,-0.022600322885966202,0.5903799654623094,0.18908958028521,0.005623726901159844,0.023276291411189476
41077.99609375,-0.004125761887466681,0.580464789061692,0.20423751476573598,0.00614236714781281,0.20126885211900003
42358.80859375,0.03070379130997368,0.5926328317293411,0.23558568240950806,0.008677233178738647,0.26250319527687793
42892.95703125,0.012531246090632069,0.5819632389446296,0.07187681643829023,0.011569902611925793,-0.23733464473068722
43960.93359375,0.024593725965785046,0.5001837287771255,0.4044775102645548,0.015392025405965879,0.2068264575458656
44348.73046875,0.008782716407665668,0.5002875203388403,0.5081761428714208,0.018967754114887825,-0.015209607986573559
44500.828125,0.0034237154855725296,0.48680928816308594,0.5101062839165229,0.021857167712530583,-0.5898687479584694
46820.4921875,0.050813175792382204,0.5059040179858236,0.7330797090379301,0.026689652036414848,0.5076393901842344
47128.00390625,0.0065464127633699815,0.5053288612861361,0.6955189336864064,0.031338154937214174,0.2555949792951395
47465.73046875,0.00714059973919024,0.43089445604568866,0.7568849126141908,0.035079729663639675,-0.14681487702611662
47062.6640625,-0.0085279952347302,0.3521624338775116,0.6340177886736126,0.03742650287470783,-0.06797093123691056
45538.67578125,-0.03291800954258311,0.37215336471298777,0.4300569821248723,0.037225495200322714,0.12763739773072302
46281.64453125,0.016183454010017757,0.3726998224008152,0.4242922728276028,0.036370579257652316,0.13547644410767745
45868.94921875,-0.008957035540670266,0.35420985476598904,0.34756296514334567,0.03535845178815259,-0.26302145356794426
46453.56640625,0.012664841243046981,0.32615273493770086,0.5091240973305483,0.03448336951299136,-0.1435198368573687
46622.67578125,0.0036337857461326666,0.3210009778281314,0.5423104695688161,0.03392034462253761,0.24591763944714629
45555.9921875,-0.02314486060589607,0.3093621505608227,0.31939734007683396,0.03209997344632979,-0.09208830798274903
43206.73828125,-0.05294570510057487,0.3709020699843173,0.02653506162815276,0.026962361610547526,0.28445300270832163
43503.84765625,0.0068529242315328075,0.3653016820797596,-0.04134919351664209,0.021662053593722315,-0.411587273245015
42287.6640625,-0.028353972258937266,0.37950086947928974,-0.17345137108074,0.01561318703281716,0.04179395701093824
42782.13671875,0.011625235289932529,0.37169586594082776,-0.14058767011473988,0.011012032549808483,-0.5280478873795644
42207.671875,-0.013518646577317169,0.3751698671060812,-0.44016084436581226,0.0064383269385855455,0.09523234627048538
39521.90234375,-0.06574699455484899,0.4276476102306252,-0.5915412087989944,-0.002575842488496358,0.6538969415307534
40127.18359375,0.015198991801760953,0.4290736632910066,-0.5590990932053443,-0.008598263466849318,-0.09117326594618191
41166.73046875,0.02557641749549052,0.429935273033964,-0.4284167762111491,-0.010900157642415666,-0.11260175016731111
39935.515625,-0.030364373354540806,0.43774858579905807,-0.4159927079989441,-0.015601977222236193,-0.1289079162129667
40553.46484375,0.015355179227128868,0.4428994133345842,-0.429258751221536,-0.01734193874612126,-0.11227441959892914
40424.484375,-0.0031855728397045674,0.39174370613078296,-0.41686059884167065,-0.019007962357613633,-0.2565787172548788
39716.953125,-0.017657522881942136,0.38977712458567126,-0.5109862580344782,-0.02183160804985181,0.12569044299122112
40826.21484375,0.027546268364385663,0.40702367755764846,-0.4104065970717252,-0.020723031228301478,0.5686109555647967
41502.75,0.016435294339235306,0.41576685120414153,-0.29513423726253907,-0.01845532824136994,-0.2867204675188013
41374.37890625,-0.003097867846210707,0.4037327198580018,-0.15916021884517734,-0.017032406681025333,0.09480724748723546
40527.36328125,-0.020684439708319406,0.39951252717601765,-0.2467535832109236,-0.01767352295861547,0.24020440240997942
39740.3203125,-0.019611085251918917,0.40211409450900837,-0.2189674161321058,-0.019625828067694837,-0.23331990076586706
39486.73046875,-0.006401619327578674,0.39527703592215135,-0.28925963846504515,-0.021302499500594044,-0.5514448216681984
39469.29296875,-0.00044170158334548267,0.3939315460951906,-0.25272225517792934,-0.02231970223165444,0.1072138635605242
40458.30859375,0.024749050076096804,0.4065224111822235,0.1024652001988811,-0.020346178431027925,0.6796108907386582
38117.4609375,-0.05959955698854747,0.41727218366149416,-0.18481330225477635,-0.025061041563573548,-0.0250429260995908
39241.12109375,0.029052734994520196,0.4336488584408254,-0.17571908673154085,-0.02441904532204627,-0.10958528089654251
39773.828125,0.013483906721524785,0.4293733643568992,-0.015759099606584216,-0.02280747214831887,0.0901496942399227
38609.82421875,-0.02970235366082905,0.4356354084619769,-0.17986679854847482,-0.024595546909971736,-0.09331860027391414
37714.875,-0.023452178557919624,0.4395813238023129,-0.23415284241129825,-0.02766783722564539,-0.25650659636589523
38469.09375,0.019800580200401846,0.38602622651672835,-0.10740135074785115,-0.02716383939052635,0.12223998601641739
38529.328125,0.0015645616058173508,0.3812784643886187,-0.21731006256060595,-0.026717666983803675,0.1982215536095211
37750.453125,-0.02042224184090012,0.37194967745109253,-0.3516030605965534,-0.02828120837532171,-0.1862874931774705
39698.37109375,0.050312677532991644,0.4057653855440599,-0.13417169404703175,-0.02342696949734593,0.29638492102768055
36575.140625,-0.08194136472907673,0.4934834075764007,-0.26762559519323786,-0.029001719210565963,0.15941007619289138
36040.921875,-0.014713780107637159,0.4945662997315416,-0.25486891709027176,-0.033120485051725976,-0.1314760466037903
35501.953125,-0.015067299056939674,0.4938233011621959,-0.26923652495773565,-0.03738520826139722,-0.43859730628224014
34059.265625,-0.04148559878699712,0.49314489216382157,-0.3334267432010958,-0.04497589473729129,0.4108982527556222
30296.953125,-0.1170549632581505,0.6143586555508045,-0.5348410603399901,-0.06518193765851489,0.5442685981020041
31022.90625,0.023678692386482958,0.6288457282875392,-0.40810976728274967,-0.07225155266309012,-0.057571403197481885
28936.35546875,-0.06962706368652095,0.6586287142041549,-0.5616646951098733,-0.08955043574870944,0.16284471306833126
29047.751953125,0.0038423156405122537,0.6625715266552556,-0.5983691196186465,-0.09731956505768989,-0.0495039392148513
29283.103515625,0.008069582993285078,0.6672315799194126,-0.5487318146363555,-0.10110102134227993,-0.4470325184382027
30101.265625,0.02755654035085545,0.6825310276914809,-0.44997483574426494,-0.09854230578326334,-0.4047959193496986
31305.11328125,0.039214229608877514,0.6951113908538007,-0.4124410651223693,-0.09074793298764175,-0.10095801234407276
29862.91796875,-0.047163938825930986,0.6853456325648226,-0.46216742802656424,-0.09460961828231805,0.23299393141994074
30425.857421875,0.018675310971867837,0.6780110219213946,-0.3951608459002964,-0.08992443510993291,-0.11394968687145735
28720.271484375,-0.05768962303395388,0.6885137020345453,-0.600112574754393,-0.0964805941505198,0.07235851823808659
30314.333984375,0.054017472510896065,0.7297651791161623,-0.373462171315594,-0.0870732976030176,0.07652759694961375
29200.740234375,-0.03742660999960213,0.7343214941227969,-0.3943920935434954,-0.08888093991940481,-0.09380500680002513
29432.2265625,0.007896156156526583,0.7285061729527172,-0.35628563200787255,-0.08537350068277468,-0.5766187828814502
30323.72265625,0.02984011653578575,0.7429739774746501,-0.2266034587045317,-0.07743840827768055,0.22490094422328966
29098.91015625,-0.04122961033666706,0.7497520560482547,-0.08589701903401277,-0.0787065768214162,0.3753100781722374
29655.5859375,0.01894978176706928,0.7223829139468642,-0.09923826438142669,-0.07332074818168649,-0.16793059681240052
29562.361328125,-0.0031485281301596416,0.6776998893907832,0.05311963389184157,-0.06989353356035725,0.033565432589927724
29267.224609375,-0.010033699544872113,0.6775306590370231,0.01833741628089129,-0.06770305650308044,0.28970292956858756
28627.57421875,-0.022097889022563728,0.6786304528201728,-0.05298118727007477,-0.06789035514374774,-0.005243447749982977
28814.900390625,0.006522241153916333,0.6711572959224049,-0.10955217143801917,-0.06513004358533814,-0.029472446160774268
29445.95703125,0.02166399017895866,0.5412484176603797,-0.16645321311031835,-0.059520420004424146,-0.674509913334532
31726.390625,0.07459222816391974,0.5995953097476635,0.1551926451963044,-0.04581466873013163,0.7750902806653706
31792.310546875,0.0020756074770069063,0.5382665961492868,0.11871402303200583,-0.03766231813455002,-0.15797898968457957
29799.080078125,-0.06474693067083527,0.5920974216290706,0.09143913795775688,-0.038324481512078956,0.20419380537645182
30467.48828125,0.02218263391098452,0.596348882399049,0.014086455235522948,-0.03388344629500256,-0.34670607318996005
29704.390625,-0.02536528971019155,0.5958352513887146,0.047866616682804446,-0.03351399212865389,-0.10534746533177142
29832.9140625,0.00431741536890466,0.5774508545821518,0.03845741436828533,-0.031678408081413346,-0.4561237664198323
29906.662109375,0.002468985857085947,0.5527789457589557,-0.043438177479962405,-0.029721712042484718,0.03992645241837067
31370.671875,0.04779217112896654,0.5749907202512403,0.23085973736247298,-0.02288580832583594,0.6154604653995221
31155.478515625,-0.006883334658869973,0.5322868088295097,0.15790073211497088,-0.019033739266021355,0.2438815845963873
30214.35546875,-0.030672946983430784,0.5113634970851391,0.06301373585159808,-0.018647985452704484,-0.298736766453235
30111.998046875,-0.0033934595457949636,0.49239007454737893,0.08319548332688768,-0.017999970365445726,-0.33228989461840186
29083.8046875,-0.03474221923780006,0.5080965825566635,0.04327486158773255,-0.020667032355629375,0.31982640026747333
28360.810546875,-0.02517319741030233,0.5018774483661969,-0.040989167309359684,-0.02461754620881141,-0.0918423422545942
26762.6484375,-0.05800108151881945,0.5218035518887126,-0.22276635164563216,-0.033396527651724746,0.22622183023922204
22487.388671875,-0.17405255177667042,0.7894223083477,-0.6580382280683454,-0.06127402902508971,0.6913617377804329
22206.79296875,-0.012556416941057361,0.7884389375357254,-0.6724368422231396,-0.07942908442571991,-0.29238178042115237
22572.83984375,0.01634917508386348,0.7958615612309484,-0.5722524971089382,-0.08935357138331775,0.07560243945164302
20381.650390625,-0.10211240133010355,0.8563904992579907,-0.7127551723942653,-0.11613735146376312,-0.5658276695574713
20471.482421875,0.004397810882562394,0.8556498951612661,-0.6850746941379526,-0.12735912195076954,-0.1391749833986431
19017.642578125,-0.07366571122488891,0.8652374627749685,-0.7306359508782879,-0.1515252315325987,0.43716489915379597
20553.271484375,0.07765301952407,0.8698189292290985,-0.5750827450571472,-0.14310697709586367,-0.17316344040715848
20599.537109375,0.002248480532576946,0.869881832873953,-0.7254910576239715,-0.1432484497442704,-0.13661702182628233
20710.59765625,0.005376928208097346,0.8594045568068729,-0.7084854173580664,-0.14078950959181127,-0.061845660212160425
19987.029296875,-0.03556200532463169,0.8477893867097068,-0.7041191254811997,-0.14573910112014246,-0.013743173062461977
21085.876953125,0.053519949652552336,0.8877981649786296,-0.5815243488146468,-0.1323033920541921,-0.08721998112039131
21231.65625,0.006889809613761697,0.8886690943758725,-0.5363829990528921,-0.12480516150529965,-0.04811920687201976
21502.337890625,0.01266838104662478,0.8923634337995722,-0.4834418650806384,-0.11572750008060671,-0.3063287056321933
21027.294921875,-0.02234031636729734,0.8594693400993978,-0.43903185473518247,-0.11278147673275395,-0.01897699679917153
20735.478515625,-0.013975180844796839,0.8584015670255195,-0.19293749705485624,-0.10977015818870066,0.151007472432223
20280.634765625,-0.022179692795419582,0.8575768604541008,-0.2081333396767306,-0.10905848205150717,0.01964014233578837
20104.0234375,-0.00874651225988825,0.8564173233155797,-0.27234575605633227,-0.10695534645532223,0.0967144691910704
19784.7265625,-0.016009711756282033,0.8547783675867685,-0.08298543938247477,-0.10629323907422177,0.10908035661685744
19269.3671875,-0.02639361166796203,0.8549012442845493,-0.15778601268741482,-0.10810469275328774,0.15813806838116662
19242.255859375,-0.0014079558563739067,0.8444819432352029,0.036275258157286744,-0.10632651923930679,-0.5305255279904522
19297.076171875,0.0028449039765122944,0.606719490671278,-0.2666455508023208,-0.10308138970064042,-0.09921353200838468
20231.26171875,0.04727542718300751,0.6367320192526869,-0.06577490992850855,-0.09131824106062165,0.2757235119532062
20190.115234375,-0.002035878126304793,0.6320137866259132,-0.0941349144760889,-0.08512600909625773,0.21280062744072126
20548.24609375,0.017582449257883936,0.5229302752671294,0.10868556291510956,-0.07638867320877171,-0.08254217689370336
21637.587890625,0.05165639338861742,0.5537141940725043,0.10704170696222291,-0.06230310048671885,0.048251150514506236
21731.1171875,0.0043132227124235666,0.47445726498743485,0.09789670088887491,-0.05299656547570365,0.6590630320258661
21592.20703125,-0.0064127411638449485,0.39479510881773755,0.01808178909112584,-0.04611596351050403,-0.5208548342712582
20860.44921875,-0.03447747972502637,0.41601627948921305,-0.03192082069649672,-0.04413160188861357,-0.032655796217007094
19970.556640625,-0.04359596339476734,0.44398333529589346,-0.1313184691031647,-0.04617957004880457,-0.17221236372897053
19323.9140625,-0.03291562138901987,0.4414076891508484,-0.159009910201746,-0.049916411346693085,0.06647584657728345
20212.07421875,0.044936759944821686,0.42801806339913545,0.016059185750678325,-0.045315333810715605,0.24702196537688437
20569.919921875,0.017549651263241726,0.4326405150101103,0.11603555828793959,-0.04077829582480662,-0.05869761290675157
20836.328125,0.012868197042892807,0.43272838708511374,0.24040949836060632,-0.0358787304943182,-0.18463668032424252
21190.31640625,0.016846296291970084,0.43013410979113814,0.2846061240130723,-0.030171818558996127,-0.06386030131457332
20779.34375,-0.01958489970974724,0.43306916434024256,0.2058444201848249,-0.02791485711440231,-0.05824767010666676
22485.689453125,0.07891967823012867,0.5065272137904271,0.28275521142773585,-0.017382827397761126,0.5558909005265491
23389.43359375,0.03940528200341783,0.5177071267925272,0.36209120388976546,-0.007101204123691699,0.19877585953456034
23231.732421875,-0.006765243636369361,0.5131429113831709,0.310759892615277,-2.9153951505148517e-05,-0.12738673986092053
23164.62890625,-0.0028926217700481673,0.4988134029904208,0.20058329484995013,0.005334717181184913,-0.24418163560856598
22714.978515625,-0.019601945764881813,0.5080432427631465,0.12345917137689626,0.008084927164288632,-0.06795448061056675
22465.478515625,-0.011044710597189035,0.51239347516441,0.10808199450170278,0.00929061286722154,-0.2685324261197657
22609.1640625,0.006375470790258249,0.49049055992350216,0.23342214757896515,0.01050205353058799,-0.019178138060123473
21361.701171875,-0.056755659782032404,0.5378929001279303,0.177233678921651,0.007383731300745731,0.4118472364299137
21239.75390625,-0.0057250438268413185,0.535767419197683,0.2615653978584257,0.003943074182112623,-0.21736174708140155
22930.548828125,0.07659542154936112,0.57267909255408,0.33449296229635933,0.006965069914164523,0.10390567205030976
23843.88671875,0.03905783089201425,0.5869179223726276,0.37707031784662237,0.012173635307631043,0.23600032139279747
23804.6328125,-0.001647644691440151,0.5859708039905532,0.35105065356107845,0.016220092885285715,-0.1137929894165488
23656.20703125,-0.006254683466181995,0.5691529827926419,0.2988985222658005,0.018809711928836362,-0.24289801257836174
23336.896484375,-0.013589886059606543,0.5436672862649855,0.31349228672371565,0.01973413633505413,-0.17820572858313
23314.19921875,-0.0009730647082914476,0.5233933586419939,0.1279627800997909,0.01997371009063206,0.09299974107177178
22978.1171875,-0.01452024708261338,0.5122630877701603,-0.06963258344465899,0.019043311976862397,0.09373250560497937
22846.5078125,-0.005744061707541017,0.5122196450598084,-0.06550479394293944,0.017511864555936205,-0.07689155082680088
22630.95703125,-0.009479525568520927,0.5139500392186145,-0.0885129475178654,0.015419348256154824,-0.045445538394588425
23289.314453125,0.028675899088160428,0.519516963361641,0.09207029476575115,0.015347685456841327,0.13951907408230824
22961.279296875,-0.014185359813054537,0.5165110644580769,0.07849232884674037,0.014539323817288544,-0.5919635213681005
23175.890625,0.009303252730044901,0.4374128436188104,0.0887246405998188,0.014181566160924744,-0.005739392578032465
23809.486328125,0.02697154534457858,0.42518209224750875,0.4239609916544873,0.0155995280503397,0.5870616282064383
23164.318359375,-0.02747099349637511,0.4363328996218657,0.3056402077019817,0.015075271959842535,-0.19318263146515946
23947.642578125,0.03325679505388167,0.4519041892161106,0.18872256961590708,0.01629874472530356,0.3322004304402988
23957.529296875,0.00041276206736784357,0.4449442020343535,0.025333237515267656,0.01748362080942508,0.1227763772481012
24402.818359375,0.018415982056898608,0.44519547858392466,0.12227973685989384,0.019341173931013183,-0.30871211145089106
24424.068359375,0.0008704221288590054,0.44525703639693814,0.16115399447555048,0.020877348544024277,-0.17068943833749017
24319.333984375,-0.0042973830773317305,0.3854584929237686,0.21591124682806254,0.021606747315844665,0.00029521738195370517
24136.97265625,-0.00752687118445491,0.3862676263224784,0.1746918653437804,0.021424010022642555,0.4236313495052606
23883.291015625,-0.010565706274135412,0.28742716874023183,0.1956094251971392,0.020283563798081473,-0.23550182263648267
23335.998046875,-0.023181944883864696,0.265142376538274,0.09706063348034462,0.01755488629746712,0.10841041365525683
23212.73828125,-0.005295957030778942,0.2655625311486442,0.11751144253229072,0.01449950749617426,-0.26429703473782595
20877.552734375,-0.10602664190168617,0.45735223369744776,-0.3638925316265531,0.0042721851340879104,0.5340572099599363
21166.060546875,0.013724431302661714,0.46179183083002867,-0.2724921527091581,-0.0039036756901574695,-0.3838803237272934
21534.12109375,0.017239723512555944,0.46831568779027155,-0.243528257702216,-0.008681026887032837,-0.1777263986215587
21398.908203125,-0.006298802571622582,0.4667661707226768,-0.3861116724982068,-0.012959574138712978,0.31532678656121504
21528.087890625,0.0060185938546632,0.4679022998308617,-0.2856933370793297,-0.01554564064003865,0.006665620278077711
21395.01953125,-0.00620033327852915,0.4674419684980432,-0.5027846714524881,-0.018060245522411145,0.00263070347720884
21600.904296875,0.009577016652955654,0.4551346835610504,-0.44692565266529044,-0.018800246636042336,-0.029643699333423257
20260.01953125,-0.06408571655966329,0.5023126339952667,-0.6715985314982373,-0.02585764482459868,0.3105082836446016
20041.73828125,-0.010832449813926528,0.4991141585855149,-0.6884399013932417,-0.03131425792235706,-0.34033938474103564
19616.814453125,-0.0214299343072556,0.48443425531828654,-0.7033608501307469,-0.037498237533491074,-0.21185883917782888
20297.994140625,0.034134991629983055,0.5034198436054654,-0.534334080835668,-0.03731858178156706,0.2922507980873199
19796.80859375,-0.02500132778356697,0.4843504806904448,-0.5498416788097324,-0.04071342412978037,0.05500411427351892
20049.763671875,0.012696624168793951,0.4896247151179922,-0.46040074013149623,-0.04063056867261436,-0.03716728353554544
20127.140625,0.0038518173635346637,0.48150873896014745,-0.4350884015351204,-0.040042669006064006,-0.0960628658813647
19969.771484375,-0.007849479691159277,0.4799787157932374,-0.1847310258880505,-0.04018603935869065,-0.03568420790386284
19832.087890625,-0.006918477935497839,0.4796508615497309,-0.2800553719240202,-0.040421868706905326,-0.2097629527093119
19986.712890625,0.007766470822269511,0.4838344151179073,-0.34010387625484984,-0.039001363278640094,0.06686266030907717
19812.37109375,-0.008761151996171085,0.48382082680025457,-0.3457306695093109,-0.03872259513159185,0.1321803926177445
18837.66796875,-0.0504480646723607,0.5034469072810979,-0.49506638946544995,-0.043877149612480015,0.40970847690478607
19290.32421875,0.02374515374913594,0.5179322533370444,-0.36577628397842743,-0.042898145089126816,-0.20837620757907516
19329.833984375,0.00204607030353663,0.3714777286707703,-0.40644275034781,-0.04219909847500312,-0.09037996676908833
21381.15234375,0.10086009766789074,0.5237241394809783,0.17801101022242535,-0.029629325393678907,0.4091403728434315
21680.5390625,0.01390523841339878,0.5224432081555812,0.2568969412716426,-0.021201667065121155,-0.27235150584876067
21769.255859375,0.004083651963045384,0.5219933639984713,0.35618709636744056,-0.014292832999807142,-0.0677998062492513
22370.44921875,0.027242163871664303,0.5301490133734513,0.347551167368226,-0.006404827460472426,0.37547181048370604
20296.70703125,-0.09728219892342403,0.6365559897211633,0.06633843204309073,-0.00864939595011794,0.017354825341158175
20241.08984375,-0.0027439686753737906,0.6349212885473424,0.02607248681163483,-0.010042805135224934,-0.2993885290837639
19701.2109375,-0.02703458624126178,0.6005264275165337,-0.05460117478499299,-0.013488936532128846,-0.03995526271033967
19772.583984375,0.0036162281734326176,0.5997054745639803,-0.02555981723055922,-0.015474502530688038,-0.1889658213245049
20127.576171875,0.017794492715736767,0.5978615636073491,0.03725242610473188,-0.015187072368347494,-0.18812872725333918
19419.505859375,-0.03581280604750071,0.598443804406151,-0.0668442674421827,-0.018458293804233472,0.22499999839826756
19544.12890625,0.006396912022913548,0.5929385231832034,-0.03179814408245221,-0.019738417152831794,0.2511224607938267
18890.7890625,-0.03400047754708742,0.6021037736264999,0.0065465069477147605,-0.024080315305324982,-0.08803208961221642
18547.400390625,-0.018344813515223775,0.6039172089799889,-0.09280573031108333,-0.028643557045779644,0.23125618408555937
19413.55078125,0.045641677549128984,0.6288320300592488,0.00947902827247205,-0.02657662187689479,-0.11964084349241588
19297.638671875,-0.00598857629671097,0.6287326938085711,-0.30211679637684513,-0.026288862886524492,-0.05598458462220535
18937.01171875,-0.018864440709329067,0.6307055435131357,-0.3943195190650249,-0.0276461444513359,-0.3970578794090578
18802.09765625,-0.007149858037088313,0.6305259896017968,-0.4236484152044525,-0.028775585419420838,-0.11281183755604474
19222.671875,0.022121968157295297,0.6097901744415047,-0.46133425696973007,-0.026793419164231082,0.6365420012879532
19110.546875,-0.005850034170169328,0.6041796710988704,-0.243986257078448,-0.026045594750821403,0.28268149067236337
19426.720703125,0.016409099157190264,0.607116406095611,-0.15898993991706634,-0.02333387951732051,-0.0986109306244991
19573.05078125,0.007504185755091534,0.47880448457257696,-0.02710322839347441,-0.02052007455170186,-0.2571416088390279
19431.7890625,-0.007243323491751529,0.473930504722549,-0.07102139635887042,-0.01893070723385631,0.06913227231765973
19312.095703125,-0.006178716506548767,0.47258328389982246,-0.1787086695310508,-0.017954833622179547,-0.8540591584487984
19044.107421875,-0.013973887936277964,0.4565173773299463,-0.09104758443050201,-0.018254001051040816,0.10374710898773998
19623.580078125,0.0299741763073446,0.3335205684304365,0.017355181116977435,-0.015192830568207626,0.3839110031058013
20336.84375,0.035702295702777984,0.3588615463053644,0.31179251000002123,-0.009788378112816196,0.16315699276950468
20160.716796875,-0.00869820607502516,0.3460544873922293,0.3608713848781815,-0.006608142073336033,-0.07711667572239378
19955.443359375,-0.010234041758595132,0.3482322627398254,0.14223886675952302,-0.004835664101276053,0.04380233400073763
19546.849609375,-0.02068782806747579,0.34961442758778966,0.06074732980643361,-0.005075894276943698,-0.17196480622248345
19416.568359375,-0.0066873874171619555,0.3261610470367833,0.12385012664278222,-0.005696725188082246,-0.5755430948644644
19446.42578125,0.0015365479891413887,0.3253505290597369,0.1710447178822237,-0.005959695189250938,0.024033802440541763
19141.484375,-0.01580535214708789,0.3061616899361232,-0.022234727035180556,-0.007472757063854142,0.4878613984301339
19051.41796875,-0.004716403712704758,0.2986721664425666,-0.016291987936003238,-0.008915962665551952,0.045843049029294036
19157.4453125,0.005549896374470987,0.24968790099653346,-0.07875442918535384,-0.009421005868844095,-0.14041809564803032
19382.904296875,0.011700026522297709,0.2525629711546605,-0.05435386432374585,-0.008706710352097686,0.5722927672746678
19185.65625,-0.010228526229371489,0.24567418609630134,-0.0692494442057395,-0.009037472402539872,-0.13975356987426224
19067.634765625,-0.006170546675591737,0.24528597757910559,-0.06881142997783755,-0.00967372354901284,-0.8648881481326178
19268.09375,0.010458171486817167,0.23505708445627332,0.06426985027391424,-0.009083994261476568,0.10522398738166316
19550.7578125,0.014563494131467007,0.23931305256990615,-0.022840588844311328,-0.007319644440256929,0.42343160686427694
19334.416015625,-0.011127327349328565,0.23594623533012174,-0.37246122398630915,-0.006916063367346958,0.10715917069344982
19139.53515625,-0.010130621895940859,0.2365740918459113,-0.37680377120486186,-0.007334875697404228,-0.31015293062544913
19053.740234375,-0.004492679159130498,0.23583010664058932,-0.34806235801612107,-0.007917320927783343,0.08823347173137464
19172.46875,0.00621191065339352,0.2363098736245167,-0.1627197059919746,-0.00771241335642971,0.28155947775760026
19208.189453125,0.0018613913940529582,0.2308344198959436,-0.09445103495539016,-0.007340094857876765,-0.7008915532042757
19567.0078125,0.01850815095417208,0.21437076696112387,0.04756365132180292,-0.005385201893243442,0.31778460174745504
19345.572265625,-0.011381303255268389,0.17063557599382242,0.08324457294454049,-0.004855388826650812,0.3110362833489866
20095.857421875,0.038050125599863024,0.22127956849189165,0.3356292188178901,-0.0011964405252412288,0.458304442245165
20770.44140625,0.033017194358947406,0.24693815884284473,0.43826158753933925,0.0040826319026841095,0.20955193962005225
20285.8359375,-0.023607984321621485,0.25068592311057447,0.2291944400077,0.00643051889160522,-0.17127537306649998
20595.3515625,0.015142492579417856,0.25278650961847754,0.3479135233681433,0.009197149876986757,-0.12042742997576283
20818.4765625,0.010775490653264773,0.254226042708299,0.42118332253385804,0.012069120259825677,-0.0859865462547802
20635.603515625,-0.008822978719624204,0.24836742904899461,0.3303663984745572,0.013678349676098846,-0.24852901004647165
20495.7734375,-0.006799218852899474,0.24941781383955647,0.2364584982276513,0.014255514817540716,0.3718540782381048
20485.2734375,-0.0005124320157945651,0.2497346883612793,0.30360045686812326,0.014438670203014167,-0.1370562569775018
20159.50390625,-0.01603042401585493,0.2567389978677942,0.26009088314760076,0.013355705619264715,0.3329707712064298
20209.98828125,0.002501116490787244,0.2526648656041367,0.29752087293726165,0.012341088138614068,-0.2508167826203547
21147.23046875,0.04533199824767065,0.2920242238510332,0.41973437965397353,0.014460496913184535,0.3935130250894474
21282.69140625,0.006385182519711849,0.29140428964834636,0.43178047728293906,0.016788186891317638,-0.5264922604355959
20926.486328125,-0.01687848726805324,0.2989536041129942,0.2831116810501774,0.017449585548411403,-0.07581861401328283
20602.81640625,-0.015587859865227252,0.30222980652010334,0.25636329237629313,0.01656744452707675,0.4221765409222833
18541.271484375,-0.10542864681146098,0.48929846906796653,-0.2501179968053671,0.008323489282049672,0.7991756980056266
15880.7802734375,-0.15488954817014716,0.7321228666814409,-0.596204354085393,-0.01298297429858258,-0.14525247109381212
17586.771484375,0.1020374090112842,0.8310502864148112,-0.28644269244393683,-0.01991205880450388,-0.2125329097626114
17034.29296875,-0.03191845360130116,0.836353098719621,-0.3684235093662249,-0.02953442499430498,-0.39821829993869784
16799.185546875,-0.013898139747380939,0.8316527427064657,-0.41531690695980134,-0.037854240858084795,-0.6313136877192633
16353.365234375,-0.026896704984698754,0.8344010570616638,-0.43078286344383715,-0.04698119138631023,-0.08818825665387209
16618.19921875,0.016064732404599078,0.8217209015953003,-0.38523032599315143,-0.05067548566127213,0.6010458352073194
16884.61328125,0.01590431717951544,0.812166539742215,-0.3488500108421664,-0.051474892588663515,-0.3045675514477537
16669.439453125,-0.012825680370738035,0.8107337373172528,-0.3417973255586142,-0.05384382654181297,-0.07586550857633512
16687.517578125,0.0010839194206494296,0.8065180991101258,-0.34606932727971895,-0.0544201092928979,-0.19665545197444345
16697.77734375,0.0006146278457023498,0.8037614504437508,-0.48094244554525856,-0.05421476405940197,-0.03679108821314614
16711.546875,0.0008242927596795972,0.8048412863240582,-0.5006818944741391,-0.05335246786915052,-0.5115150370574462
16291.83203125,-0.02543603029442077,0.8064078570679039,-0.5041312990914253,-0.055501298610580514,0.28012923165560366
15787.2841796875,-0.03145906258707414,0.8083063483615868,-0.5136992045353034,-0.05979788350708444,0.5631237953567698
16189.76953125,0.02517471508039186,0.8194310961828433,-0.30478954677838344,-0.05759101562826218,-0.19732260269716662
16610.70703125,0.025667956985737504,0.8285559753670205,0.1333050473695826,-0.052920366045115144,0.07012441728782903
16604.46484375,-0.00037586363225689277,0.8037261829730782,-0.26015418662176387,-0.04985008582080127,-0.2322133507160693
16521.841796875,-0.004988374895103048,0.8012684857761982,-0.1550060378126524,-0.0474941875923684,-0.33568717521906066
16464.28125,-0.0034899891216231276,0.8017429562609267,-0.107050816260995,-0.04534774542536144,-0.03698782048596527
16444.626953125,-0.0011944668045808346,0.8025140859011435,0.033771931356015444,-0.043165942987675295,0.12731223176051643
16217.322265625,-0.013918848240971523,0.7217914828581664,-0.15043610195322102,-0.042613841333076816,0.3052999863051191
16444.982421875,0.01394046411034608,0.46524416597787166,-0.1674138985567167,-0.03954662965939977,-0.1625140915982044
17168.56640625,0.043059766583943886,0.3215228244134797,0.1592405147959562,-0.03222707448987136,0.22471877907989324
16967.1328125,-0.011802068595367332,0.3034563463716457,0.08427787800466405,-0.028703673342024776,-0.25425344421633866
17088.66015625,0.007136986045805121,0.300027044370553,0.11399174442144855,-0.024568964786794226,-0.15848715035647842
16908.236328125,-0.010614234867796273,0.2852555116874428,0.05470130870560382,-0.022287012606152335,-0.18634058773123385
17130.486328125,0.01305884246336571,0.283437215398116,0.24679118746788886,-0.01874481815454131,0.036729427457522945
16974.826171875,-0.009128269217154126,0.2804984932448468,0.3894414498369463,-0.01686059615829353,0.2776641264815325
17089.50390625,0.006733035250819497,0.2769602704869312,0.32580903418395396,-0.014421191321181994,-0.11028833213087097
16848.126953125,-0.014224977832437721,0.28235635989619673,0.09195271001883441,-0.013755283144102076,-0.010843842305419571
17233.474609375,0.022614200081039638,0.2930912291031172,0.2124255065963712,-0.010842413024371186,0.04088985512577281
17133.15234375,-0.005838370505888547,0.2942705609679172,0.20522156364550184,-0.009195579025780326,-0.008238982544071405
17128.724609375,-0.00025846420531521353,0.27706047027973557,0.22710962366944357,-0.007773415333902956,-0.4698843558522654
17104.193359375,-0.00143319679738864,0.24712506919479627,0.22506748059702034,-0.00669256833961227,0.10563247355887384
17206.4375,0.0059599279123048595,0.23437822056388105,0.35256707913542695,-0.005252494074129238,0.3286578335359529
17781.318359375,0.03286478873072886,0.24475409335888468,0.42387199406876136,-0.001384040042254192,0.3057902685919913
17815.650390625,0.0019289306421712124,0.244418375664629,0.2626754270145554,0.0016803045540250156,-0.042186686708145515
17364.865234375,-0.02562838102102438,0.2641336508779812,0.14661394561333935,0.0020944473014875295,-0.19720168630215795
16647.484375,-0.04218980898149945,0.30785448088709255,-0.1333404958029651,-0.0009749638445526465,0.13654193686065597
16795.091796875,0.008827572352892032,0.3091525568446866,-0.034539256025263254,-0.0027080524596938215,-0.5077361119874091
16757.9765625,-0.002212331171359141,0.3043885457673055,-0.12052642991080234,-0.0042273669651012495,-0.2806392190816531
16439.6796875,-0.01917645189485355,0.30929816518554526,-0.16449210937357323,-0.0070132174178352885,0.45513924093434
16906.3046875,0.027988705082472278,0.28514279083754024,-0.05081423699444045,-0.006600217779565674,0.2772039565107427
16817.53515625,-0.005264509420176635,0.2827219891490947,-0.008860340639759698,-0.006807685624823557,-0.4231219406496791
16830.341796875,0.0007612154110786702,0.28135739213763217,-0.1308819650571573,-0.006799431391530098,0.09959713983849738
16796.953125,-0.0019858084288219657,0.27900711759653724,-0.11157579242295412,-0.0068914629495178655,-0.07004930892891537
16847.755859375,0.0030199561547248985,0.2748624530257639,-0.09183286545217256,-0.006613168983985789,-0.4530467587548124
16841.986328125,-0.0003425096739709631,0.2731089625382733,-0.08622948802196874,-0.006365547606692392,0.17913666262947814
16919.8046875,0.004609855984671537,0.272477477171116,-0.09502546647332238,-0.005702291329674535,0.019588151952344646
16717.173828125,-0.012048246868378581,0.27112935739522803,-0.40245561735598756,-0.006169837057452674,0.2813084014003415
16552.572265625,-0.009895050300250239,0.25882357445177745,-0.45526197967960885,-0.007268709720228488,0.07679918286648402
16642.341796875,0.00540864482551941,0.25969789034575774,-0.29938202669539665,-0.007525306512861396,-0.16131724300596417
16602.5859375,-0.002391695878759684,0.25967811469234336,-0.025866763965020995,-0.007880692001255952,0.09591941700450946
16547.49609375,-0.003323665649558149,0.25975257313387445,-0.15067529267141963,-0.008347595562842846,-0.3487451120058651
16625.080078125,0.00467760631157723,0.2592934884918426,-0.07893079251654726,-0.008185324483009616,-0.19539264273766932
16688.470703125,0.003805700684704715,0.2263073965820924,0.17412551745252003,-0.0076620476357646475,0.2690077504049171
16679.857421875,-0.0005162548994983624,0.22574221688855492,-0.23326057007908715,-0.007234021439160801,0.13908877111601115
16863.23828125,0.010934153962035356,0.21480646072208595,0.042897526105610526,-0.005871555398778948,0.2814213279324207
16836.736328125,-0.0015728177184386805,0.1518273589146673,0.005925813175604446,-0.004931936924859384,-0.29666454795229313
16951.96875,0.006820792235553174,0.15054056861420534,0.13352579553694113,-0.0035619760134414087,0.05130944887623201
16955.078125,0.00018340582830352,0.15021532949890903,0.0964046294738786,-0.0024592356337988577,-0.6250402630796792
17091.14453125,0.00799308234902105,0.13275458682200422,0.20036124033321784,-0.0009201870571205442,0.23606018396402462
17196.5546875,0.006148589187306557,0.09243741153367774,0.21771851583491938,0.0007680273045491307,0.6452941451199727
17446.29296875,0.014418133870887372,0.10115817325069028,0.5530987151301724,0.003189704145719302,-0.16395305376876834
17934.896484375,0.02762115049773119,0.13622802766226724,0.8417278164052007,0.007094706483437389,0.15030563038817135
18869.587890625,0.05080318049018759,0.21549707893581233,0.8954948445255184,0.013590516937969858,0.6436856192022411
19909.57421875,0.053649212803668606,0.2738237597449986,0.948267982636338,0.021985178587506874,-0.1795033086014186
20976.298828125,0.052192440560842025,0.31247735837102925,0.9843898753672161,0.031456518573106176,0.2877097464633138
20880.798828125,-0.0045631527773636734,0.3166249240293334,0.9421666137096412,0.039209884828584195,-0.7027126880699797
21169.6328125,0.013737719952276949,0.30527745904393777,0.944915891141688,0.04520308165831433,0.328099193732168
21161.51953125,-0.00038332437933474676,0.29809181510620647,0.9451209691626513,0.04979111828084425,-0.06924661617726002
20688.78125,-0.02259283115330066,0.32224779707895007,0.7603563664106434,0.05218853214820442,0.18250971866229548
21086.79296875,0.019055334102897954,0.3195117225809837,0.786645496883983,0.05309396072624769,-0.34961031202701776
22676.552734375,0.0726845526110478,0.37957492588939545,0.8323898498166247,0.055778923461036904,0.3085714567986244
22777.625,0.004447222994453112,0.3796649687660351,0.834743826349326,0.06025013407883368,0.11911643916240777
22720.416015625,-0.002514790230431855,0.38294946582471084,0.8162632014274362,0.06321895126979828,-0.27078299449890153
22934.431640625,0.00937544219856928,0.37907745594707587,0.8191118562024507,0.06484623928938528,0.06917069636777029
22636.46875,-0.013077079200906103,0.3926078703541126,0.7358587746280579,0.06566106244292949,-0.0042941374402190036
23117.859375,0.021043184701323544,0.3883432379183245,0.735588377363294,0.06519248423730575,0.15022986014700024
23032.77734375,-0.003687148593844675,0.3933434699250073,0.6718722468596025,0.06509966238960524,-0.1520201483049206
23078.728515625,0.001993046474165044,0.3924709186277383,0.6091756641208699,0.06412759837032854,-0.03767285662989295
23031.08984375,-0.002066314313093378,0.39659737275503043,0.49119144804680076,0.06270152632571382,-0.5453662927251486
23774.56640625,0.03177133538504421,0.399504554039377,0.598967983094048,0.061360126362973576,0.6226805495705534
22840.138671875,-0.040096914665951826,0.4467882437905936,0.3050121837073652,0.060384131246670004,-0.007984466877395846
23139.283203125,0.013012288539514132,0.44364943222495196,0.34289260127007937,0.05725938664318987,-0.17500435848736728
23723.76953125,0.024945734590003956,0.42325059133890625,0.5161870467388792,0.05538628586329884,0.155617920925053
23471.87109375,-0.010674749877368259,0.39907966379575294,0.41598877212474006,0.05412046185315095,0.18378926164200848
23449.322265625,-0.000961136247671562,0.3645241748154201,0.18548080110476378,0.05201960159967643,-0.1689168336536504
23331.84765625,-0.0050223137428644544,0.36469710750636375,0.1325033410063675,0.04958882900894788,-0.5491217783553957
22955.666015625,-0.016254488231275857,0.37124608289749494,0.05225827161934959,0.046375603280111304,0.22391768184288807
22760.109375,-0.008555376421285297,0.37366577600540024,-0.038883266585124115,0.04237436100740479,0.1970311586610478
23264.291015625,0.02191019571493288,0.36552877944042333,0.1338800237729653,0.03934004971109504,0.13203866856283852
22939.3984375,-0.014063722484005989,0.36857163070955373,-0.03936978699712015,0.03663144105113386,-0.06915310811693587
21819.0390625,-0.05007294792111713,0.3205417631811385,-0.2179760415051014,0.03128733196878353,0.24984930564281527
21651.18359375,-0.0077228177249046275,0.3202425670701929,-0.25088120418834875,0.024847589355628346,-0.18473398460085377
21870.875,0.010095720621826006,0.3233668003470813,-0.1979153964596567,0.019936148745701803,-0.504127971444003
21788.203125,-0.0037871607629455096,0.3206404868678301,-0.38189224447441605,0.015814752302283866,0.08577150703861491
21808.1015625,0.0009128497942385424,0.3183940635908377,-0.24074532217018713,0.012407768798189986,0.2942822198953827
22220.8046875,0.018747466050136215,0.3163008152264509,-0.20872612358016,0.010911524164579328,0.1134632412677199
24307.841796875,0.08977000786319626,0.45372080013885885,0.09894580667615856,0.015803549376542974,0.19260090613927972
23623.474609375,-0.028558101481565734,0.46710935288961747,0.02392951333157768,0.018464159235192113,0.19092195599204587
24565.6015625,0.03910624942610064,0.4858185885745318,0.15386348686810208,0.022272700327943065,0.05062831949990709
24641.27734375,0.0030758236488141917,0.4739894018474484,0.1815324445678489,0.02572407902206376,-0.7454507545492426
24327.642578125,-0.01280971909443967,0.45136305487290124,0.19186732851476251,0.027523569501540814,0.2640110977584733
24829.1484375,0.02040504474431612,0.4542580034320822,0.2774774868924952,0.02939837398988168,0.1260233174145533
24436.353515625,-0.015946381537723795,0.4518666249706411,0.15956817122033698,0.030183279812672652,0.07522608813903986
24188.84375,-0.010180396881003117,0.451693635111402,0.1719144453206411,0.029575602089615877,-0.034244714982826
23947.4921875,-0.010027916762018151,0.4534930357418189,0.3331525570177291,0.02800395082578022,0.009106335501286367
23198.126953125,-0.03179206740644356,0.4679723189505992,0.22193245871311518,0.024490047169249445,-0.12810811819029055
23175.375,-0.000981248083164121,0.4641856964761822,0.19259176382160292,0.02069121769403645,-0.509975946385417
23561.212890625,0.016511545833869257,0.466240425405916,0.25054682337634815,0.018480709062536405,0.033217836136916645
23522.87109375,-0.001628652491694882,0.4601747279494161,0.24168690443787086,0.016701057618613527,0.3085530236580212
23147.353515625,-0.016092730875103014,0.4610849580413002,0.13127977808268085,0.01404353133187127,-0.09848650297319494
23646.55078125,0.021336804939163678,0.4256129540898866,-0.12089462762222851,0.013028504868132711,0.1831492604911169
23475.466796875,-0.007261350209481709,0.4254471819890569,-0.02986017967708591,0.011825463084631194,-0.1904297669450763
22362.6796875,-0.04856242572977136,0.4636204846819993,-0.42964095009720493,0.007235360824843572,0.24562590042483734
22353.349609375,-0.0004173035221196778,0.46330239984196725,-0.4520694170542006,0.0030636356182873452,-0.8476192361085673
22435.513671875,0.00366895467532336,0.4633766882678146,-0.39178250384741575,5.0941116017824e-05,0.17616694129534594
22429.7578125,-0.0002565841781915384,0.45883839505600876,-0.553647302731982,-0.0023222836089773187,0.2647349733200741
22219.76953125,-0.009406138966041635,0.3154858430600686,-0.533990212234869,-0.004948349193544829,0.27146761458556057
21718.080078125,-0.022837315061132093,0.3103086213734662,-0.560879170979482,-0.008935098337179202,-0.010104557259545288
20363.021484375,-0.06442451332853331,0.3352631429794991,-0.6494936936968463,-0.017965382680905948,0.2981399942058829
20187.244140625,-0.00866965688311379,0.3320518338598083,-0.6088395503399855,-0.0252766134195119,0.2650003498160558
20632.41015625,0.021812221244110887,0.3503605463750129,-0.4737535750029915,-0.02821290497015023,-0.2710909174950693
22163.94921875,0.07160391184533008,0.44122685579753157,-0.21452151352015278,-0.02299110034685202,-0.030317253174288794
24197.533203125,0.08778363436848541,0.5495458616990075,0.07929142783486284,-0.01176650433152205,0.5244211482170336
24746.07421875,0.02241616479750579,0.5540853363520285,0.18414915056793346,-0.002487279650296246,0.09914804882337691
24375.9609375,-0.015069419825617957,0.5557194972045412,0.08528541282375712,0.003465487383938372,-0.22410705457855684
25052.7890625,0.027387721969650478,0.5492291417017289,0.1741296256864615,0.01005520556117307,-0.2539205066449348
27423.9296875,0.09043081735478727,0.6286778810441183,0.4905892272964383,0.020761915665961715,0.404109218528216
26965.87890625,-0.016843655914946763,0.6341069643027955,0.4284588406353342,0.028742587997076394,-0.3507268333775464
28038.67578125,0.03901251239696352,0.6433288536214369,0.4766202913987047,0.036127718707482964,0.05570477491789916
27767.236328125,-0.009728058677075274,0.6404553333525227,0.4439865237162013,0.04199800246049323,0.17012768707274617
28175.81640625,0.014607259457310753,0.639194057770761,0.48738939225338074,0.04633394398659411,-0.21527462495137328
27307.4375,-0.031304934786025286,0.6527424755635571,0.4440581571125841,0.04872325182890768,-0.0783361184064546
28333.97265625,0.03690243092144147,0.6251979530217188,0.6502402595465651,0.05000458731253865,-0.3208208440881464
27493.28515625,-0.03011973318555565,0.6415924840098288,0.5653351158575378,0.05096698289454761,0.07014233617595877
27494.70703125,5.171583626720892e-05,0.6422201133821606,0.5498795381177064,0.04994375591893119,-0.6633532881689455
27994.330078125,0.01800847790347154,0.6415603727112414,0.5093049533932217,0.049131771464292415,0.03634533030107079
27139.888671875,-0.030997440056033318,0.6551390709135398,0.2865397168675565,0.04765374058045313,0.27048023031391466
27268.130859375,0.004714100093914092,0.6440279999158278,0.2560910961622942,0.044905541706664456,-0.022534546875856876
28348.44140625,0.03885339931269162,0.5843788926869166,0.3762361402274814,0.0438398067877468,0.15112947883998373
28033.5625,-0.011169598741333131,0.5858748728412823,0.2923322163350201,0.043442441873243906,0.08123165296424162
28478.484375,0.015746414888453637,0.5855296353635819,0.12751092361161612,0.042836454845083506,-0.16612898743383298
28411.03515625,-0.0023712364214005313,0.5503722224743701,0.18340228184918572,0.04231655227636006,-0.557907119113672
28199.30859375,-0.007480171844976413,0.47623730870162534,0.022886611573394475,0.041058803433745475,0.121748133076089
27790.220703125,-0.014613274150394037,0.4791419388971889,0.0032117745950183975,0.038761614077364046,0.4649579155767114
28168.08984375,0.01350558587463783,0.4733347940073529,-0.0010843424547479685,0.03663312318758475,-0.24646599445557982
28177.984375,0.0003512057047058866,0.4677596780943689,0.13890767430256745,0.03497115876019138,0.10944424407892939
28044.140625,-0.004761257346579407,0.3456442978714635,-0.05392827397390931,0.03305871067241809,-0.2088813735774515
27925.859375,-0.00422660089629551,0.3398002860888697,0.09298687554964459,0.030846498940569816,-0.24216361141856524
27947.794921875,0.0007851839396583646,0.3099849823003185,0.09696892932993123,0.02869217684458551,-0.14738056390085674
28333.05078125,0.01369069252890777,0.3115423694480767,0.07431118870178267,0.027418002291705733,0.2615507138258977
29652.98046875,0.045533646757390224,0.3467933673752832,0.5002544615900806,0.028788077850476674,0.4597815732413437
30235.05859375,0.019439489564332186,0.3273119276026013,0.5416609465738671,0.03143839296791214,0.04258419208238351
30139.052734375,-0.0031803678161343176,0.3058666350576917,0.3985195372564078,0.033443690015177385,-0.07582733769571703
30399.06640625,0.008590133768281546,0.2798860528753973,0.5329760614476976,0.03494196145413415,-0.06445064445208715
30485.69921875,0.002845797962018112,0.2794030723604974,0.49196395142326965,0.0360662942998338,0.2591020608527579
30318.49609375,-0.0054997371675221595,0.277523257608119,0.456356808902097,0.03637595410325458,-0.6406495302338264
30315.35546875,-0.00010359312238552485,0.24571237860350134,0.5328519997098843,0.03604365996397756,0.07376705139238737
29445.044921875,-0.02912872327682135,0.27484633041074735,0.3733476807830658,0.03405720018498889,0.32952713267010125
30397.552734375,0.03183646099781629,0.2639011076244029,0.4452662484904647,0.03279762824436944,0.086169787110002
28822.6796875,-0.05319953662867234,0.3290065584109675,0.09809710328223332,0.029677788551952338,0.23217441782681192
28245.98828125,-0.020211126619281063,0.3329280194779009,0.028774298288192172,0.024382983219217454,-0.14098976486680215
27276.91015625,-0.034910877271712444,0.35478904624416613,-0.08250414183539348,0.017340086381829985,-0.027595950519248902
27817.5,0.019624756556398195,0.3622409235270903,-0.015540326337433612,0.012283373148392288,-0.45842940519276
27591.384765625,-0.008161741227378502,0.3596647410418507,-0.09017029712418477,0.00786106264530776,-0.026267218746493626
27525.33984375,-0.0023965485595713668,0.3559445812570666,-0.30520063050207713,0.004046574370051868,0.32544284581965854
28307.59765625,0.02802320777395386,0.37074228426735056,-0.2687680940501538,0.003174005361833447,0.0016979486768278207
28422.701171875,0.004057925868580612,0.3704892882967509,-0.23869503430455993,0.0028545686546265167,0.5857222081768327
29473.787109375,0.03631313286229464,0.39077349488880364,-0.11592603823263474,0.005334574445320424,-0.15966663356794086
29340.26171875,-0.004540602889751968,0.3915756089012523,-0.1426709346654613,0.0069667321805237355,-0.4367654178541791
29248.48828125,-0.0031328032278842735,0.38970870940137753,-0.1345397553090892,0.007922335742085502,-0.4979929976962083
29268.806640625,0.0006944394889976754,0.3534662531160468,-0.13130648276941798,0.008613051278069665,0.3178449337476188
28091.568359375,-0.041052856211014906,0.3725671201577558,-0.16351858739930436,0.006097036356602515,0.24155592266208714
28680.537109375,0.020749270291120427,0.38253938140725857,-0.21696847522830054,0.005334190419041481,-0.12685945240320606
29006.30859375,0.011294600825028724,0.38369612160695776,0.027553032341754147,0.005616135769275853,0.15160344653567392
28847.7109375,-0.005482697825375376,0.383340502255418,0.09633005145451407,0.0054133978948564315,-0.20691470995870276
29534.384765625,0.02352452363535224,0.3942790599718715,0.37851277881464795,0.006903203409014676,0.14286579935727417
28904.623046875,-0.02155362050914689,0.400707836723986,0.17959368968609155,0.006528599506133613,-0.11965060182269127
28454.978515625,-0.015678412319992844,0.391540020354987,0.1375857888338372,0.004877802166674581,-0.34226817646428387
27694.2734375,-0.027097480312589104,0.38029283039087464,0.024232287469941126,0.0013515622199461732,0.5259640928928775
27658.775390625,-0.0012826051136456092,0.3342647866067245,-0.10423406880333033,-0.001635883776389523,-0.30268613146197154
27621.755859375,-0.0013393336115541375,0.3273139459714039,-0.1303074307883064,-0.004071411100756528,0.37980641115577995
27000.7890625,-0.0227376278728039,0.31319208569041884,-0.43260983133646363,-0.0079024908906926,-0.2111416665366015
26804.990234375,-0.007278017155925187,0.3046978237601129,-0.43872420205685103,-0.011401787826415257,0.1439441265073036
26784.078125,-0.0007804618022563855,0.3037962840295827,-0.4317561537927082,-0.014041431061486795,-0.6583072555207998
26930.638671875,0.0054570113859458225,0.3047611996144721,-0.40077494052460566,-0.015421643499730976,0.001567635980254778
27192.693359375,0.009683688179724162,0.2880160165022172,-0.18273777902928556,-0.01546044931311549,0.36407677304616115
27036.650390625,-0.005754943306692564,0.2873800072993975,-0.36644758269437316,-0.01598057208152954,-0.12400939271926958
27398.802734375,0.013305949198470446,0.2560654193603348,-0.35545504292066055,-0.014868354879135553,0.1732034390030499
26832.208984375,-0.020896322938492334,0.26329920440233096,-0.4087920211136452,-0.015972972463386775,0.0054627032912435425
26890.12890625,0.0021562704301694635,0.26432226297603556,-0.6147100822624131,-0.016203231116315834,-0.30163708302442416
27129.5859375,0.008865600285434393,0.2678976506376231,-0.453819761239844,-0.015378617930602642,-0.46886076229928264
26753.826171875,-0.01394736681453699,0.23288978048491152,-0.443303796393422,-0.015995786402876924,0.20495509117292698
26851.27734375,0.0036358955711424203,0.21771789899578198,-0.26557854375421086,-0.015779759862727376,0.2457823000163053
27225.7265625,0.013848962643426162,0.22016328729762916,-0.1232655094757817,-0.014166168015634101,0.2141487072899828
26334.818359375,-0.03327040018789596,0.244760192982589,-0.2946941703812735,-0.01604601361367734,0.1739185013775355
26476.20703125,0.005354526205137628,0.22479465977026655,-0.13494247817847665,-0.01644391907947479,-0.1627438727216557
26719.291015625,0.009139332662057487,0.22204510333937305,-0.021780178970010125,-0.015758322674062145,-0.08584981569153882
26868.353515625,0.00556333034484893,0.21993161797596564,0.020742746925811843,-0.014632136347575663,-0.476664968073635
28085.646484375,0.04430949975360071,0.2583088957666732,0.2249890808260625,-0.00960236133579251,0.6114115690617723
27745.884765625,-0.012171112107334788,0.2622793406761789,0.10615179230353633,-0.007100018840589464,0.04280192327362897
27702.349609375,-0.0015702994220325468,0.2622981006660913,0.13055955844492145,-0.005099626181913339,-0.13598580083906597
27219.658203125,-0.017577792723265092,0.25691182252650124,-0.03432311373651245,-0.004941577719786902,0.16679876266291416
26819.97265625,-0.014792581991188054,0.26124013619611347,-0.0024218616486929535,-0.005949292214941911,-0.06446207539265814
27249.58984375,0.01589161106579633,0.2671912525411564,0.06627053082375824,-0.0052513645141442035,0.010736145681967457
27075.12890625,-0.006422915434419119,0.2678082594196647,-0.010161508311193756,-0.005262618216341042,-0.5706363837816042
27119.06640625,0.0016214839752998166,0.2655682802579172,0.07265099214531517,-0.005047306564915488,0.11002710824095985
25760.09765625,-0.051410345698891795,0.3218627194264239,-0.1735103829882415,-0.009290824428916836,0.8321282510209258
27238.783203125,0.05581511856233619,0.37959855935357134,0.001766062364640959,-0.007302740007650175,0.019169539344414233
26345.998046875,-0.03332542412080894,0.3909404908313197,0.0015117988262194615,-0.008965543828270752,-0.11588649280032115
26508.216796875,0.006138366063704449,0.3916102848658565,0.004316435330772777,-0.009423057867655873,-0.49501033229417146
26480.375,-0.001050860137740086,0.389971078587897,-0.03318026876473411,-0.009811199390095057,-0.07763566109909448
25851.240234375,-0.024045314677471934,0.3959467304080207,-0.1324259830351636,-0.012180383320576934,0.5900506048027658
25940.16796875,0.0034340762243438776,0.39591119625653665,-0.3274413943584548,-0.013390224845991682,-0.6160719312826508
25902.5,-0.0014531650030546537,0.39162992238889643,-0.2949340969964632,-0.014354909244299443,0.08441057681447361
25918.728515625,0.0006263269559741463,0.3744007408293982,-0.28662439975240406,-0.01487257421852954,0.1915560404979928
25124.67578125,-0.031115354032620144,0.3885668345147599,-0.3206174113145138,-0.01811458680615177,0.008605949326188522
25576.39453125,0.017819375410116443,0.3932442545864945,-0.1888144031383304,-0.018316384877048876,0.10451394707146378
26327.462890625,0.0289427732653721,0.4078406112798536,-0.13349267024701875,-0.015712445224329557,0.03030280244855632
26510.67578125,0.0069349007932065195,0.3728235725715363,-0.08161024642505624,-0.013255273386991558,-0.3866072844964634
26336.212890625,-0.006602603438313832,0.37150576382600903,-0.11109072462216232,-0.011867221902526474,-0.1478854904872513
26851.029296875,0.019359247201741925,0.3796202620380709,0.17587665642237368,-0.008843438958922999,0.29336797566953976
28327.48828125,0.05352849528514009,0.4214346017218696,0.17558072322175888,-0.002052567081972315,0.5490750918476657
30027.296875,0.05827421320682117,0.4608020640587021,0.5253280399572521,0.007280106603623535,0.40633430350372635
29912.28125,-0.0038377235796951737,0.46030651906422254,0.4890604879471229,0.014166738945887046,-0.4790922874499408
30695.46875,0.02584590576815378,0.46423506013086563,0.5462965165889532,0.020919790830377417,0.1549893353923082
30548.6953125,-0.004793067902493928,0.46564412236049757,0.6494117322721852,0.025998312544004764,-0.6857077581772515
30480.26171875,-0.0022426607224285255,0.4152919517758162,0.6294402827947303,0.029489546277531063,0.044724785860459804
30271.130859375,-0.006884835938176551,0.3783673184125938,0.591605156237141,0.03151192595772292,0.2610726651923514
30688.1640625,0.013682563415242948,0.3505262550503952,0.6126305785773206,0.03321902544313011,-0.0039097931944134245
30086.24609375,-0.01980891791303767,0.3638365945921383,0.6534366900300032,0.0336079748937892,-0.1199699735226396
30445.3515625,0.011865197537731036,0.3632492686874927,0.6491574175949876,0.03356059170042321,-0.10030178001871448
30477.251953125,0.0010472432791648364,0.345304130912556,0.6119497557849747,0.03350007141704045,0.6941172289969657
30590.078125,0.0036951443630783326,0.34525726837856074,0.6078797054117376,0.03327055745043807,-1.0660815267779178
30620.76953125,0.001002809469143997,0.3444514795400006,0.6524275395910172,0.032855464809133435,0.14775133204217283
31156.439453125,0.017342426317960315,0.3445798794852254,0.6535277459216143,0.033000168154424206,0.37146067407477545
30777.58203125,-0.012234379050443955,0.32098917597829957,0.4462544377908449,0.032606514216454587,-0.17572276379281604
30514.166015625,-0.008595533521292817,0.3262661087670887,0.12009720432414482,0.03119247280508652,-0.026033439273344783
29909.337890625,-0.020020299639946313,0.33245872851806163,-0.0006477789486180541,0.02849217382016869,0.5263995484581798
30342.265625,0.01437090998029806,0.3336695680357433,-0.08422609707967879,0.026331199299522913,-0.4565393883507305
30292.541015625,-0.0016401345457067653,0.33149362669203875,-0.06253060355861394,0.024566093108031633,-0.5779647724054371
30171.234375,-0.004012544787339061,0.33031345659325134,-0.0744763375475847,0.022640572748945677,0.05113116508382021
30414.470703125,0.008029538805166095,0.27860682600056197,0.03426361927552165,0.02126822758002376,0.6292474929213014
30620.951171875,0.006765948365584515,0.1904879852744182,-0.016917889302674637,0.02049494172055282,-0.19905086171666753
30391.646484375,-0.007516669538967959,0.1921620564781152,0.08482695275710782,0.019315160760430494,0.19752899209862207
31476.048828125,0.03505911799946575,0.2100429890879995,0.23827997826842817,0.020176006624895514,0.4698779937283817
30334.068359375,-0.036955452769762046,0.24962401525343836,-0.026341565801379262,0.01893464939823472,-0.12428213581496195
30295.806640625,-0.0012621409438578614,0.2495497971899212,-0.05489025558075838,0.017072111885308293,-0.9597064301895024
30249.1328125,-0.0015417915284865274,0.24839892614655948,-0.06911509377446393,0.015300243846413469,0.061114079647410335
30145.888671875,-0.003418965294113633,0.24323568128669013,-0.20437278655214514,0.013490801682880617,0.44124131016296175
29856.5625,-0.009643886494910275,0.2352968318745439,-0.189700935490081,0.011220424896743231,-0.0076772506599205315
29913.923828125,0.0019193869502834365,0.23104013774349108,-0.12911048022256907,0.009346648791829127,-0.08001055601852869
29792.015625,-0.004083626307646249,0.23119014639984156,-0.02816091229825915,0.007494379804744521,0.18922917535691752
29908.744140625,0.003910458253167224,0.23125109012989573,-0.1126047538610888,0.006216001956622959,-0.28937715181356083
29771.802734375,-0.004589155219131938,0.23142009085630885,-0.13226253882392483,0.004823338919234542,-0.3319411909744794
30084.5390625,0.010449658783391701,0.22522424308855776,-0.020998790857083803,0.004446111039939949,0.15791340518552843
29176.916015625,-0.030633538164858885,0.24516977482423144,-0.25820190857756925,0.0017864214996895437,0.5127051052105891
29227.390625,0.0017284554802405464,0.24459876238662318,-0.30053278533546773,-0.000287600425487468,-0.4051831365320062
29354.97265625,0.004355653333464597,0.23614199096895797,-0.22858170279012482,-0.001551860353188852,0.27359579410866175
29210.689453125,-0.004927238584293436,0.22939062548378072,-0.6301197802723919,-0.0029321729869100496,-0.22567169310424262
29319.24609375,0.0037094442045335473,0.2302554473178497,-0.39615169671283496,-0.00366411722275153,0.04072512932344452
29356.91796875,0.0012840607690722545,0.23029700058557906,-0.36659424432402204,-0.004096565746294243,-0.5485674279481074
29275.30859375,-0.0027837737874393067,0.2276278149752559,-0.3751181183265359,-0.004626999256415642,0.2918489223342604
29230.111328125,-0.0015450628224417467,0.22532714616342273,-0.3608263766113018,-0.005111954492629415,0.295044692044943
29675.732421875,0.01513023382608844,0.2326270672962181,-0.06711591844955166,-0.00414864926730419,0.44950315319192313
29151.958984375,-0.01780750751690934,0.19619879847244023,-0.24107417622787622,-0.004901261994371152,0.050177899387019664
29178.6796875,0.0009161807791750279,0.15262127839963308,-0.2000756907139636,-0.005298685736651728,-0.40765976639321266
29074.091796875,-0.0035908335462961935,0.1527075870890736,-0.27335367456140786,-0.0058601298696342825,-0.05995411102846049
29042.126953125,-0.0011000318899209226,0.15273544516391419,-0.2474817532627843,-0.006312936088377977,-0.6011332339796311
29041.85546875,-9.347994530765627e-06,0.15280548438202143,-0.3955646117689139,-0.006591510504223236,0.09690764677745278
29180.578125,0.004765273802377892,0.1516328336376872,0.001961454979302175,-0.006323356247619216,0.6276747256010538
29765.4921875,0.01984638697905339,0.16881685911286687,0.22407112804317875,-0.004378976274870486,0.2548203828383997
29561.494140625,-0.006877101417061734,0.1699459480694065,0.08334561637034511,-0.0034735772337727536,0.0450122158061248
29429.591796875,-0.004471948989328098,0.16973830903753895,0.08878576481013539,-0.0030705997721219023,-0.43761511841157485
29397.71484375,-0.0010837469218066252,0.16915756699398984,0.03284816547538554,-0.0027971222470375315,-0.15170804690634654
29415.96484375,0.0006206039371356436,0.1641408072634021,0.024920495381839203,-0.0024973020160697114,-0.4982750227750046
29282.9140625,-0.004533340724443713,0.12286037668955595,0.003141650123193074,-0.0026079118066084546,0.16832260944885746
29408.443359375,0.004277614074716283,0.12361701626109554,0.07129905679280682,-0.002304119853778357,0.6480735988741166
29170.34765625,-0.008129120118753778,0.12611462425613754,-0.22034005112252103,-0.0027164106371122985,-0.10315321000278388
28701.779296875,-0.016193584838703763,0.1374135151986952,-0.20111195654894232,-0.004344925622082628,0.16778071912121817
26664.55078125,-0.07362412009606191,0.2912462148958087,-0.5917044056861636,-0.01205433098748786,0.7332154548627834
26049.556640625,-0.023334248653811243,0.29752857518043185,-0.6354910300353939,-0.01999811911793365,-0.25873162950456674
26096.205078125,0.0017891559507894222,0.2986201804751918,-0.6170696563647092,-0.02558235536111083,-0.8153304145066755
26189.583984375,0.003571869420107809,0.3001239072537599,-0.5860239929332133,-0.029303639060437724,-0.1625351766676637
26124.140625,-0.002501958864606914,0.29042436370003316,-0.6375708606377026,-0.0322365847350416,0.39184907511338807
26031.65625,-0.0035464695192522202,0.28737337640069877,-0.8680413850389536,-0.034514189442509904,0.0812822058104743
26431.640625,0.015248455549160829,0.2960945631152495,-0.6959195930761746,-0.03406641933426997,0.15793413801624112
26162.373046875,-0.01023956576112509,0.29663168953026453,-0.7049318631469086,-0.034904837594303115,-0.2773281968606405
26047.66796875,-0.004393992436939317,0.2962468000973813,-0.7101124191015495,-0.03539417135367231,-0.03683418949379913
26008.462890625,-0.0015062619864454853,0.29593026833106917,-0.7190970898479838,-0.035427162432483665,-0.7206382799104709
26089.693359375,0.003118365040993392,0.2952283103869009,-0.6813274418618434,-0.03465011388181391,0.13596929084678777
26106.150390625,0.0006305878251208892,0.28078918459318075,-0.7213882884897678,-0.03366130933143196,0.4646353811194608
27727.392578125,0.060249892570851026,0.3674942971661965,-0.24207252482080407,-0.025954301946056937,0.9817687287253136
27297.265625,-0.015634289371322937,0.3701321964864437,-0.2371529288333386,-0.022752749869444196,-0.5860792211260062
25931.47265625,-0.05132914544958933,0.4064970881350185,-0.13960837527568346,-0.02490197369567588,0.21090187659178383
25800.724609375,-0.005054814300673318,0.40571901467123433,-0.05220199645652272,-0.025895944591776923,-0.15966586142953432
25868.798828125,0.0026349868784771645,0.4069890889172718,-0.0474936448077591,-0.026001636786992584,-0.5325019913571829
25969.56640625,0.0038877655416867615,0.40685832809368727,-0.0458797276876092,-0.025431715796822987,-0.11952184466162663
25812.416015625,-0.006069712504034206,0.40679568158033586,-0.06378341225533987,-0.025410919769190275,0.1753803564994314
25779.982421875,-0.0012573014244295709,0.40533992365897614,-0.05213676288466445,-0.02511552831370167,0.03803882711462947
25753.236328125,-0.001038013801593385,0.3150610919312272,-0.1523152961934494,-0.02468119995161583,0.13927230585897377
26240.1953125,0.01873210550195057,0.31218982965424036,0.016658451337683004,-0.022112706956606335,-0.13985229292199364
25905.654296875,-0.012831149860508746,0.3155999047632861,-0.029032895670919316,-0.021498326520829912,-0.024739220428124042
25895.677734375,-0.00038518556307899995,0.3152573649078561,-0.023196102009671763,-0.02058689953333695,-0.6798070408318075
25832.2265625,-0.0024532679048573473,0.3152534429904701,-0.05314657067598077,-0.01987588445803332,0.3654613041667467
25162.654296875,-0.026261881067480307,0.3281533283965659,-0.17162019384210056,-0.02168240128900665,0.6142157900579406
25833.34375,0.0263051279529175,0.3379276830894903,-0.4165464316467879,-0.01978274566088492,0.2452144105423315
26228.32421875,0.015173852958685846,0.34088372600840866,-0.23691692598827488,-0.01702994248640312,-0.35575794828562124
26539.673828125,0.011800835130971608,0.34287703036046635,0.17591086697430128,-0.01380173287000444,0.05501294459696027
26608.693359375,0.0025972414093191217,0.34279881078768654,0.23793802378877799,-0.011035595914335644,-0.18490800285045594
26568.28125,-0.0015199103541191222,0.3428392970731152,0.20768179364410472,-0.008905360574062266,-0.4388288972476424
26534.1875,-0.0012840741866492755,0.34292726462074136,0.1710260402365853,-0.007233385632381685,-0.08863162463052277
26754.28125,0.008260511389751386,0.26398328717087444,0.2799572256802651,-0.005127815932705615,0.8351308885507542
27211.1171875,0.016931102662432373,0.26662165002340066,0.37773562043031916,-0.002068882836954183,-0.12302801916253259
27132.0078125,-0.0029114788993918343,0.1868253301084685,0.3589537458158685,5.2080199128962556e-05,-0.03888250102573565
26567.6328125,-0.021020467716698094,0.2030137151113554,0.0835619496869468,5.983543873662521e-05,0.006778144295498834
26579.568359375,0.0004491505408555205,0.202994841263816,0.187412076877432,0.0001001555327847216,-0.23427440550961975
26579.390625,-6.686902016047694e-06,0.20282106725414822,0.1906566213117253,0.0001300924713584149,-0.3567319864840961
26256.826171875,-0.012210127075315798,0.20685537595512932,0.11042302536608574,-0.0008260656221635623,0.10114900699418428
26298.48046875,0.001585160786217759,0.20671669849552496,0.3530380578472247,-0.0014381971875091447,0.3814620901400225
26217.25,-0.003093569595525136,0.20711330262217828,0.1460923853861891,-0.002155479821794961,-0.18359221499159872
26352.716796875,0.005153782852789497,0.1969609191318694,0.05252358809162544,-0.0022655030327620347,0.1600247778444377
27021.546875,0.02506320623495958,0.2092225550924687,0.1767823222089055,-0.00030228530974834813,0.18352588331932296
26911.720703125,-0.004072674570297436,0.21021261701410315,0.10953037829842018,0.0008746896205644006,-0.3032215225445647
26967.916015625,0.002085958120685116,0.209575439037624,0.1436301008210995,0.0019503218702696837,-0.6678917434073597
27983.75,0.036976120856382695,0.21598059149372023,0.38509905901448205,0.005567415073836726,0.5781328233161211
27530.78515625,-0.01631914578851585,0.214020483939795,0.19427168028091116,0.007218945938764453,0.7336263524069437
27429.978515625,-0.0036683170659445614,0.21043857513376413,0.060110708330813764,0.008096398680219344,-0.5510318519235895
27799.39453125,0.013377719302482879,0.21146075560244837,0.16976332632630303,0.009615648231842612,-0.023455191279801113
27415.912109375,-0.013890662255842758,0.21913269645660757,0.2261846049713165,0.00981563422363263,0.06378173034394763
27946.59765625,0.019171883788155934,0.22750695173967522,0.3202122612051198,0.011084653884928382,0.127500826650099
27968.83984375,0.0007955652201821253,0.22716418100335528,0.32379042494545557,0.012152429884278006,-0.7221962184941759
27935.08984375,-0.0012074286830624696,0.2265384484083198,0.4193159253678658,0.012776580205470383,0.18906687112149
27583.677734375,-0.012659387727925962,0.22529432188914725,0.29804145900994344,0.012259197075347695,0.41654889908813075
27391.01953125,-0.0070090060125914885,0.2266262132863631,0.2653443820608089,0.011107015045964445,-0.1856288894596183
26873.3203125,-0.019081220842271783,0.22427900563144942,0.1083281075492458,0.008666252831489531,0.3136832990127232
26756.798828125,-0.00434538164717781,0.2249585329576462,-0.06224248541397642,0.006168431417637228,-0.37364482824091994
26862.375,0.0039380057832304975,0.22531519090424051,-0.011612819040356754,0.0044089504167654885,0.47905569638616186
26861.70703125,-2.4866641728645306e-05,0.2202724498643408,-0.025325740782162,0.0029972803398251777,-1.0348148378385744
27159.65234375,0.011030760315870677,0.22306043579223092,-0.23709390301248193,0.0027117674620255727,0.27564557690280367
28519.466796875,0.04885439730476576,0.2779843057583978,0.22558848730738604,0.00616809639015695,1.366412349542049
28415.748046875,-0.0036433994327744555,0.27933814134273577,0.22477467483270772,0.008648395799176855,-0.6267381396718257
28328.341796875,-0.0030807197496875486,0.26853757541339,0.1288989748942929,0.010261641403513589,-0.15601564003484825
28719.806640625,0.013724231161473081,0.27030682957024715,0.3171287147077544,0.01231984363900028,0.12705994493009598
29682.94921875,0.03298576898255148,0.29007084568261465,0.38211797954769283,0.016038928012009183,0.39917174377753994
29918.412109375,0.007901299916077796,0.2645255843114234,0.40981160701962294,0.019560787329819126,-0.6238131191113787
29993.896484375,0.002519829955235934,0.25420488495710064,0.42900969644702286,0.02234096039544131,-0.09964973677511324
33086.234375,0.09812340552916099,0.4167756778209658,0.7297916889226582,0.029487422714797616,1.3008394591239174
33901.52734375,0.024342751787773464,0.41997786363586814,0.7976085477884015,0.037429778465192014,0.15810862158846106
34502.8203125,0.017581001125127033,0.41107367848849397,0.9252220146531823,0.04440868605236105,-0.5762198418740851
34156.6484375,-0.010083818433932462,0.41690397443188776,0.8730583171085021,0.04957853588889825,-0.26232324336958257
33909.80078125,-0.007253169256571986,0.42023495848617615,0.8178466113174272,0.05251437851245896,-0.16829361187183878
34089.57421875,0.0052875149613998505,0.4186426670837955,0.8217074574186833,0.054069584608757756,-0.4798892928823939
34538.48046875,0.013082482218137433,0.4100838723811772,0.824715712347379,0.05521226165213256,0.09387398439056938
34502.36328125,-0.001046255776520464,0.4070994126496111,0.7848047917388786,0.05600406090207135,0.43166379439242064
34667.78125,0.004782938801692802,0.3918177016226449,0.813524564612365,0.056054622328280804,-0.08666342372155356
35437.25390625,0.021952875620689455,0.3877123373483316,0.8496180787781276,0.05618825811276665,0.3537591844641419
34938.2421875,-0.014181643038139046,0.3991458563463763,0.7337618743668216,0.0562753748457683,-0.06668979721472823
34732.32421875,-0.005911206955145199,0.4022561686462433,0.6542753337534637,0.054927129342032574,-0.20194359131077633
35082.1953125,0.010022958693683921,0.40233246876219636,0.659325660871584,0.053250622279916275,-0.5847680529664565
35049.35546875,-0.0009365213169939803,0.38142680982033156,0.6490284738804144,0.05173320255530618,0.26100058527160996
35037.37109375,-0.0003419870125084872,0.38000251757810094,0.4143492690890787,0.04990548603332094,0.022361356084768857
35443.5625,0.011526405303600254,0.3766144191836291,0.35862813905690644,0.04825629258842032,0.3946178769998312
35655.27734375,0.005955525293475274,0.3769343406703789,0.2947280825812817,0.04705776448920911,-0.08526264320842003
36693.125,0.02869223982446583,0.37388068417108916,0.5511786026062575,0.04676765811338885,0.7808808352120948
37313.96875,0.01677834605033404,0.37435811395833657,0.6841297092630202,0.047594652081160906,-0.5084600478591312
37138.05078125,-0.004725682318407844,0.3774174273689642,0.6131220901367374,0.04816081233510096,-0.48922754912404187
37054.51953125,-0.002251742592082081,0.19123848578559693,0.5461719140383658,0.04780701367890021,-0.1873190555716171
36502.35546875,-0.015013537055029228,0.191279795459291,0.39041556540337835,0.04640270105436843,0.5011574314801273
35537.640625,-0.02678435783979465,0.21224420466164132,0.1468855002044114,0.04324160831889666,0.22462270020359654
37880.58203125,0.06384619927627835,0.3020626256291872,0.325973006667798,0.04178941136810982,0.13720026006467378
36154.76953125,-0.046629756190665436,0.3517936510968115,0.13947334123595895,0.04048075820411966,-0.050914300558389414
36596.68359375,0.01214874696667944,0.35317264569585566,0.20811556334291523,0.03794255746728615,-0.14731141133365
36585.703125,-0.000300085015663709,0.3515721120924087,0.17443303302865545,0.035891353761650126,-0.6357059906625722
37386.546875,0.021653391391504333,0.35739579219500317,0.24897104869817496,0.03484967526946574,0.08310266359422158
37476.95703125,0.002415334454994771,0.3574270550445844,0.2577255687625238,0.03434859214591418,0.4807190285338834
35813.8125,-0.045392621921948366,0.3906950641079707,0.0345292878053597,0.031487682264618344,0.18655393077053972
37432.33984375,0.04420138946783627,0.41570340128866123,0.14650634938531965,0.02989189744142888,-0.0312684378099064
37289.62109375,-0.003819999415433914,0.41514487182750276,0.053095194288173955,0.029174770013322693,-0.540176231031019
37720.28125,0.01148288092363248,0.41547889037273894,0.03678940174172482,0.028779722077745307,0.47784483110844533
37796.79296875,0.002026342935600158,0.4151804357780272,0.06018727371044193,0.028507194428611295,-0.9239116456360321
37479.12109375,-0.00844024984109134,0.41723515038555237,0.03798201707537927,0.027575755396401915,0.4124329969694891
37254.16796875,-0.00602017674392167,0.41733367498643525,0.06927995126159062,0.026019807577595623,0.3239326678611967
37831.0859375,0.015367313611233842,0.4197004321667124,0.21917465596591312,0.025218595431876135,0.13254127432973206
37858.4921875,0.0007241750284948421,0.40855245475314994,-0.0027109183305263685,0.02465428463093479,-0.045622411071637003
37712.74609375,-0.0038571889984724806,0.40490989245636605,0.23719247912334793,0.023729753979279795,-0.13471724912362504
38688.75,0.02555073011462817,0.4138596130480581,0.2945536862610487,0.024101094776709492,0.2607497066011675
39476.33203125,0.020152443138720524,0.4183904399922268,0.3668730903170976,0.025687384166285618,-0.4145108107845097
39978.390625,0.012637770520489717,0.41394483454816905,0.3419177968998153,0.02767673879059351,0.01505668158419482
41980.09765625,0.04885656688656327,0.42494002670207953,0.4744338338084609,0.03158538064940209,0.9271860717782268
44080.6484375,0.04882523455973004,0.4016174092232533,0.8325937081243577,0.03743987398604313,-0.0931236950129346
43746.4453125,-0.007610515703398493,0.35266398984899566,0.7304026450201249,0.04249667986616456,-0.19396761933127493
43292.6640625,-0.010427160036986542,0.35947954685393163,0.6703001256350717,0.045393571704209906,-0.07907429101668129
44166.6015625,0.01998568323480024,0.3601782040325677,0.6858494392455586,0.04744940992477998,-0.12366241452399152
43725.984375,-0.010026349184727985,0.36344154598278633,0.60730394102113,0.04891527045542276,-0.3408066624481201
43779.69921875,0.001227688266422679,0.3637006494809547,0.6632760229873418,0.04916928244922952,-0.28965514460162467
41243.83203125,-0.05966864669683699,0.3936738595717706,0.3378181534175124,0.046954051567569495,1.1395860840040868
41450.22265625,0.004991678164292342,0.3683997027290754,0.3163700956872276,0.04250131775014578,-0.49455496209004224
42890.7421875,0.03416274957103686,0.3806718433252343,0.3915331372257995,0.040090587114850786,0.07830544344368207
43023.97265625,0.003101461159203954,0.38052444414457937,0.41364164324143277,0.03899001059136747,-0.04656961963779693
41929.7578125,-0.025761678809584642,0.39734534066048033,0.25010912342982705,0.03668484721648333,-0.26421342003413884
42240.1171875,0.007374628549158558,0.3941031278300488,0.2214366975067793,0.03400234395025532,-0.31123368918498073
41364.6640625,-0.02094342240847231,0.4035758195113471,0.10784304190768325,0.030707460908024283,0.14782640323142715
42623.5390625,0.029979669511789556,0.41169397126130547,0.053125541213893256,0.028764581702184648,0.41368874548731327
42270.52734375,-0.008316570718615267,0.41446150233901485,-0.17465171684373273,0.027189652323813346,-0.08491982212779092
43652.25,0.032164737244750545,0.42329133297868177,-0.008254278620256059,0.02717688441289356,0.1846101129911979
43869.15234375,0.0049565656400486135,0.41779938837526315,0.051588165759962695,0.02778975136363806,-0.21609784379230135
43997.90234375,0.0029305657871948458,0.4146775139904968,-0.01617499725101837,0.028209829861796074,-0.06553500781987864
43739.54296875,-0.005889392398977758,0.4156154902478476,0.001323128974814267,0.027977039452019802,-0.4426117718462983
43016.1171875,-0.016677702596480784,0.3869544635656812,-0.06994378435505609,0.026463586930328773,0.3322137263086873
43613.140625,0.013783631646973108,0.34778480276666446,0.26389459929138653,0.025362774891319235,0.1145405882661521
42520.40234375,-0.025374479539831175,0.35814140073100087,0.108487035758546,0.023074532922650087,0.3520706579198851
43442.85546875,0.021462391204340153,0.3653225936642223,0.059071537726502754,0.02176651604944157,-0.17283264401774545
42627.85546875,-0.018938483263033618,0.3634474088546978,-0.039499977031547645,0.01975153319922743,-0.09410899524202421
42099.40234375,-0.01247437935200907,0.3642876272721818,0.017928036025126062,0.01684156533198355,0.12294697300124469
42156.90234375,0.001364883236683238,0.3643035527004742,-0.009035596524336996,0.01426497173758996,-0.4846386325562726
42265.1875,0.0025653289520551383,0.29348290046798214,0.10666549450341335,0.012275080856395565,0.023670096363662907
